event_id,event_name,gender,nationality,age_group,division,total_time,work_time,roxzone_time,run_time,run_1,work_1,roxzone_1,run_2,work_2,roxzone_2,run_3,work_3,roxzone_3,run_4,work_4,roxzone_4,run_5,work_5,roxzone_5,run_6,work_6,roxzone_6,run_7,work_7,roxzone_7,run_8,work_8,roxzone_8
JGDMS4JI474,S5 2023 Miami,male,GER,Number114009,open,1:14:22,0:30:24,0:02:24,0:41:34,0:03:34,0:04:01,0:00:18,0:04:48,0:03:48,0:00:17,0:05:19,0:03:15,0:00:34,0:05:17,0:02:50,0:00:20,0:05:32,0:04:24,0:00:25,0:05:36,0:03:09,0:00:06,0:05:37,0:03:40,0:00:24,0:05:51,0:05:17,0:00:00
JGDMS4JI474,S5 2023 Miami,male,GER,Number112001,open,1:22:04,0:35:46,0:04:07,0:42:11,0:03:25,0:03:58,0:00:16,0:04:47,0:04:01,0:00:24,0:05:06,0:05:04,0:00:34,0:05:11,0:04:13,0:00:34,0:05:34,0:04:35,0:00:40,0:05:46,0:03:06,0:00:23,0:06:00,0:03:55,0:01:16,0:06:22,0:06:54,0:00:00
JGDMS4JI474,S5 2023 Miami,male,ITA,Number114003,open,1:26:44,0:33:39,0:02:47,0:50:18,0:03:52,0:04:22,0:00:19,0:05:46,0:03:30,0:00:21,0:06:30,0:04:05,0:00:39,0:06:18,0:04:26,0:00:18,0:06:39,0:04:45,0:00:25,0:06:29,0:03:04,0:00:08,0:06:48,0:04:19,0:00:37,0:07:56,0:05:08,0:00:00
JGDMS4JI474,S5 2023 Miami,male,USA,Number114004,open,1:30:03,0:38:46,0:03:50,0:47:27,0:03:36,0:04:39,0:00:17,0:05:04,0:03:45,0:00:41,0:06:01,0:04:59,0:00:36,0:05:55,0:05:17,0:00:35,0:06:29,0:05:21,0:00:33,0:06:24,0:02:40,0:00:18,0:06:45,0:04:52,0:00:50,0:07:13,0:07:13,0:00:00
JGDMS4JI474,S5 2023 Miami,male,GBR,Number114002,open,1:34:09,0:41:42,0:02:51,0:49:36,0:03:53,0:04:33,0:00:17,0:05:46,0:04:53,0:00:21,0:06:13,0:06:02,0:00:37,0:06:16,0:05:38,0:00:25,0:06:42,0:04:55,0:00:28,0:06:32,0:03:13,0:00:09,0:06:42,0:04:21,0:00:34,0:07:32,0:08:07,0:00:00
JGDMS4JI474,S5 2023 Miami,male,USA,Number105013,open,1:35:41,0:40:07,0:02:57,0:52:37,0:04:05,0:04:14,0:00:18,0:06:13,0:05:20,0:00:20,0:06:33,0:05:40,0:00:40,0:06:50,0:05:29,0:00:23,0:07:16,0:04:36,0:00:34,0:06:55,0:03:15,0:00:11,0:07:04,0:05:38,0:00:31,0:07:41,0:05:55,0:00:00
JGDMS4JI474,S5 2023 Miami,male,USA,Number112013,open,1:36:50,0:40:40,0:02:57,0:53:13,0:03:47,0:04:49,0:00:18,0:05:34,0:07:23,0:00:31,0:06:31,0:05:22,0:00:28,0:06:52,0:04:05,0:00:22,0:08:38,0:05:39,0:00:25,0:06:52,0:02:34,0:00:15,0:07:12,0:05:08,0:00:38,0:07:47,0:05:40,0:00:00
JGDMS4JI474,S5 2023 Miami,male,USA,Number112009,open,1:37:02,0:35:11,0:06:08,0:55:43,0:04:40,0:04:34,0:00:23,0:06:49,0:03:28,0:00:44,0:07:31,0:05:32,0:01:04,0:07:22,0:04:20,0:01:10,0:07:13,0:04:25,0:00:59,0:07:08,0:03:09,0:00:19,0:07:11,0:03:28,0:01:29,0:07:49,0:06:15,0:00:00
JGDMS4JI474,S5 2023 Miami,male,USA,Number105002,open,1:38:32,0:40:26,0:03:07,0:54:59,0:05:29,0:04:11,0:00:18,0:05:39,0:03:12,0:00:24,0:06:30,0:06:12,0:00:40,0:06:47,0:05:20,0:00:25,0:07:17,0:04:31,0:00:34,0:07:20,0:03:37,0:00:13,0:07:27,0:04:38,0:00:33,0:08:30,0:08:45,0:00:00
JGDMS4JI474,S5 2023 Miami,male,USA,Number115010,open,1:38:59,0:36:22,0:05:43,0:56:54,0:03:42,0:04:23,0:00:21,0:05:51,0:03:57,0:00:56,0:08:13,0:04:55,0:00:59,0:07:09,0:05:18,0:00:48,0:08:45,0:04:45,0:00:45,0:06:49,0:03:06,0:00:28,0:07:35,0:04:00,0:01:26,0:08:50,0:05:58,0:00:00
JGDMS4JI474,S5 2023 Miami,male,USA,Number110006,open,1:39:28,0:43:19,0:03:29,0:52:40,0:05:23,0:04:38,0:00:20,0:05:44,0:05:57,0:00:23,0:06:43,0:09:39,0:00:48,0:06:25,0:02:41,0:00:28,0:06:56,0:05:16,0:00:33,0:06:38,0:05:07,0:00:14,0:07:03,0:03:34,0:00:43,0:07:48,0:06:27,0:00:00
JGDMS4JI474,S5 2023 Miami,male,USA,Number114008,open,1:41:22,0:40:29,0:04:38,0:56:15,0:04:21,0:04:25,0:00:20,0:06:04,0:03:55,0:00:30,0:08:04,0:07:34,0:01:10,0:07:32,0:05:03,0:00:38,0:07:55,0:05:04,0:00:44,0:07:11,0:03:50,0:00:37,0:07:37,0:06:04,0:00:39,0:07:31,0:04:34,0:00:00
JGDMS4JI474,S5 2023 Miami,male,USA,Number111013,open,1:42:02,0:42:14,0:04:58,0:54:50,0:06:10,0:04:28,0:00:27,0:05:58,0:04:02,0:00:47,0:07:09,0:06:58,0:01:02,0:06:52,0:06:19,0:01:02,0:07:43,0:04:52,0:00:42,0:06:46,0:03:15,0:00:08,0:06:40,0:05:34,0:00:50,0:07:32,0:06:46,0:00:00
JGDMS4JI474,S5 2023 Miami,male,USA,Number111005,open,1:42:35,0:43:15,0:05:48,0:53:32,0:04:08,0:04:35,0:00:27,0:05:47,0:03:18,0:00:51,0:06:32,0:05:21,0:01:22,0:06:57,0:06:22,0:00:32,0:08:43,0:05:44,0:01:07,0:06:37,0:03:15,0:00:11,0:06:56,0:07:41,0:01:18,0:07:52,0:06:59,0:00:00
JGDMS4JI474,S5 2023 Miami,male,USA,Number132010,open,1:43:45,0:47:48,0:07:57,0:48:00,0:03:50,0:05:40,0:00:21,0:05:33,0:02:47,0:00:53,0:06:37,0:09:42,0:00:55,0:06:00,0:05:14,0:01:56,0:06:18,0:06:19,0:00:59,0:06:06,0:03:38,0:01:32,0:06:30,0:06:26,0:01:21,0:07:06,0:08:02,0:00:00
JGDMS4JI474,S5 2023 Miami,male,USA,Number110001,open,1:45:59,0:35:18,0:04:27,1:06:14,0:04:52,0:04:31,0:00:24,0:06:50,0:02:46,0:00:35,0:07:41,0:05:31,0:01:03,0:08:59,0:04:50,0:00:38,0:09:29,0:04:37,0:00:50,0:08:33,0:03:49,0:00:14,0:09:23,0:05:08,0:00:43,0:10:27,0:04:06,0:00:00
JGDMS4JI474,S5 2023 Miami,male,USA,Number105004,open,1:46:55,0:37:14,0:03:59,1:05:42,0:04:36,0:04:18,0:00:24,0:06:50,0:03:19,0:00:22,0:07:32,0:04:35,0:00:49,0:07:37,0:05:36,0:00:16,0:08:06,0:04:46,0:00:53,0:08:07,0:02:46,0:00:39,0:08:37,0:06:10,0:00:36,0:14:17,0:05:44,0:00:00
JGDMS4JI474,S5 2023 Miami,male,USA,Number111006,open,1:52:30,0:38:51,0:09:08,1:04:31,0:06:22,0:05:08,0:01:20,0:09:10,0:04:58,0:00:52,0:07:19,0:06:47,0:00:52,0:06:31,0:03:59,0:01:50,0:08:28,0:04:48,0:00:57,0:09:25,0:02:38,0:01:01,0:08:48,0:02:59,0:02:16,0:08:28,0:07:34,0:00:00
JGDMS4JI474,S5 2023 Miami,male,USA,Number110009,open,1:49:40,0:40:35,0:04:12,1:04:53,0:04:59,0:04:24,0:00:23,0:07:11,0:03:33,0:00:29,0:07:51,0:06:36,0:00:47,0:08:11,0:05:33,0:00:37,0:08:33,0:04:28,0:00:48,0:08:32,0:03:56,0:00:14,0:09:09,0:04:06,0:00:54,0:10:27,0:07:59,0:00:00
JGDMS4JI474,S5 2023 Miami,male,USA,Number115012,open,1:52:17,0:45:04,0:04:57,1:02:16,0:04:35,0:04:42,0:00:20,0:06:41,0:03:18,0:00:36,0:08:03,0:07:02,0:01:15,0:08:23,0:06:25,0:00:35,0:08:27,0:05:35,0:00:42,0:07:56,0:03:03,0:00:10,0:08:43,0:06:49,0:01:19,0:09:28,0:08:10,0:00:00
JGDMS4JI474,S5 2023 Miami,male,USA,Number110002,open,1:59:35,0:50:00,0:05:11,1:04:24,0:04:57,0:04:43,0:00:24,0:07:48,0:09:02,0:00:35,0:08:10,0:06:44,0:00:58,0:08:16,0:05:13,0:00:26,0:08:09,0:05:08,0:00:54,0:08:14,0:04:12,0:00:18,0:08:39,0:06:55,0:01:36,0:10:11,0:08:03,0:00:00
JGDMS4JI474,S5 2023 Miami,male,USA,Number115002,open,2:03:12,0:48:27,0:06:20,1:08:25,0:04:36,0:04:55,0:00:22,0:07:36,0:09:11,0:00:44,0:08:32,0:06:23,0:01:29,0:09:25,0:05:22,0:00:53,0:09:08,0:05:16,0:00:49,0:09:02,0:05:06,0:00:13,0:10:13,0:06:39,0:01:50,0:09:53,0:05:35,0:00:00
JGDMS4JI474,S5 2023 Miami,male,USA,Number105015,open,2:04:04,1:06:12,0:08:55,0:48:57,0:05:16,0:05:04,0:00:18,0:05:25,0:10:23,0:02:35,0:05:46,0:10:50,0:01:45,0:05:32,0:05:53,0:00:58,0:07:03,0:05:42,0:01:15,0:05:39,0:05:29,0:00:13,0:06:08,0:12:44,0:01:51,0:08:08,0:10:07,0:00:00
JGDMS4JI474,S5 2023 Miami,male,USA,Number115009,open,2:05:47,0:55:05,0:06:33,1:04:09,0:04:52,0:04:53,0:00:27,0:07:30,0:06:44,0:00:38,0:08:19,0:08:40,0:00:55,0:08:13,0:08:38,0:02:07,0:09:00,0:05:20,0:01:12,0:08:24,0:04:23,0:00:15,0:08:30,0:08:09,0:00:59,0:09:21,0:08:18,0:00:00
JGDMS4JI474,S5 2023 Miami,male,USA,Number112004,open,2:06:03,0:49:23,0:15:11,1:01:29,0:04:44,0:04:55,0:00:38,0:06:42,0:06:00,0:01:54,0:07:30,0:06:32,0:01:25,0:07:56,0:07:57,0:03:01,0:09:00,0:05:35,0:01:41,0:07:51,0:04:37,0:01:58,0:08:03,0:05:43,0:04:34,0:09:43,0:08:04,0:00:00
JGDMS4JI474,S5 2023 Miami,male,USA,Number112010,open,2:08:09,0:49:54,0:13:15,1:05:00,0:03:55,0:04:32,0:00:20,0:06:38,0:04:26,0:01:13,0:08:30,0:03:13,0:01:25,0:08:15,0:07:59,0:01:54,0:08:18,0:05:56,0:02:07,0:07:56,0:04:37,0:01:45,0:08:48,0:09:46,0:04:31,0:12:40,0:09:25,0:00:00
JGDMS4JI474,S5 2023 Miami,male,USA,Number112007,open,2:09:33,0:51:55,0:08:19,1:09:19,0:04:19,0:04:44,0:00:26,0:06:31,0:03:55,0:00:50,0:07:43,0:09:44,0:01:41,0:08:48,0:06:39,0:02:05,0:10:52,0:05:41,0:00:52,0:08:52,0:04:54,0:00:31,0:09:57,0:06:54,0:01:54,0:12:17,0:09:24,0:00:00
JGDMS4JI474,S5 2023 Miami,male,USA,Number112006,open,2:12:55,0:55:36,0:08:14,1:09:05,0:04:34,0:04:41,0:00:24,0:06:47,0:07:05,0:01:20,0:09:00,0:06:56,0:01:17,0:09:03,0:10:29,0:01:46,0:09:17,0:04:46,0:00:59,0:09:20,0:05:30,0:00:54,0:09:37,0:08:14,0:01:34,0:11:27,0:07:55,0:00:00
JGDMS4JI474,S5 2023 Miami,male,CAN,Number111008,open,2:18:00,0:51:55,0:06:32,1:19:33,0:07:21,0:05:03,0:00:38,0:07:29,0:05:16,0:00:56,0:09:34,0:08:20,0:01:18,0:09:26,0:07:24,0:00:52,0:10:13,0:05:18,0:01:14,0:10:16,0:05:05,0:00:12,0:11:25,0:06:03,0:01:22,0:13:49,0:09:26,0:00:00
JGDMS4JI474,S5 2023 Miami,male,USA,Number111017,open,2:21:06,1:03:15,0:06:23,1:11:28,0:05:18,0:05:04,0:00:43,0:07:40,0:07:36,0:00:36,0:08:29,0:09:16,0:01:05,0:08:43,0:10:57,0:00:39,0:09:12,0:05:17,0:00:57,0:09:01,0:05:37,0:00:54,0:10:43,0:07:22,0:01:29,0:12:22,0:12:06,0:00:00
JGDMS4JI474,S5 2023 Miami,male,USA,Number111016,open,2:28:13,0:48:20,0:12:28,1:27:25,0:05:19,0:05:02,0:00:42,0:13:11,0:06:22,0:00:55,0:08:41,0:08:50,0:01:47,0:09:14,0:05:47,0:03:36,0:11:58,0:05:18,0:01:29,0:11:11,0:03:10,0:01:31,0:14:11,0:06:48,0:02:28,0:13:40,0:07:03,0:00:00
JGDMS4JI474,S5 2023 Miami,male,USA,Number110011,open,2:29:48,0:51:29,0:11:42,1:26:37,0:04:03,0:04:35,0:00:33,0:10:41,0:08:31,0:00:52,0:12:41,0:10:04,0:06:23,0:07:45,0:05:43,0:01:13,0:13:54,0:05:39,0:01:01,0:14:18,0:04:46,0:00:12,0:10:59,0:04:43,0:01:28,0:12:16,0:07:28,0:00:00
JGDMS4JI474,S5 2023 Miami,male,USA,Number114011,open,2:32:20,0:57:50,0:10:33,1:23:57,0:04:40,0:04:37,0:00:47,0:10:16,0:04:56,0:01:37,0:12:07,0:06:49,0:01:19,0:11:59,0:09:48,0:01:21,0:09:54,0:05:15,0:01:07,0:09:42,0:05:48,0:01:31,0:11:34,0:12:34,0:02:51,0:13:45,0:08:03,0:00:00
JGDMS4JI474,S5 2023 Miami,male,USA,Number105005,open,2:35:52,1:06:12,0:09:14,1:20:26,0:04:33,0:05:23,0:00:19,0:09:04,0:10:30,0:01:38,0:11:38,0:06:53,0:00:51,0:09:12,0:08:16,0:02:13,0:12:29,0:05:36,0:02:13,0:12:50,0:07:25,0:00:23,0:08:14,0:07:25,0:01:37,0:12:26,0:14:44,0:00:00
JGDMS4JI474,S5 2023 Miami,male,USA,Number110008,open,2:37:57,1:00:18,0:11:47,1:25:52,0:05:39,0:05:09,0:00:33,0:08:21,0:04:13,0:02:06,0:09:56,0:08:34,0:01:38,0:11:00,0:12:53,0:02:28,0:11:07,0:06:09,0:01:40,0:15:29,0:03:33,0:00:51,0:10:53,0:08:55,0:02:31,0:13:27,0:10:52,0:00:00
JGDMS4JI474,S5 2023 Miami,male,USA,Number105001,open,2:41:54,1:00:53,0:16:02,1:24:59,0:04:52,0:05:38,0:00:29,0:07:33,0:07:07,0:01:14,0:11:07,0:09:17,0:01:42,0:11:38,0:09:43,0:06:42,0:11:07,0:05:35,0:01:08,0:12:29,0:03:22,0:02:11,0:12:40,0:07:33,0:02:36,0:13:33,0:12:38,0:00:00
JGDMS4JI474,S5 2023 Miami,male,USA,Number112002,open,3:05:51,1:06:45,0:11:19,1:47:47,0:05:05,0:05:07,0:00:27,0:07:56,0:04:18,0:00:36,0:09:39,0:07:51,0:01:37,0:11:57,0:11:37,0:04:30,0:13:26,0:07:56,0:01:14,0:16:17,0:06:37,0:01:00,0:12:32,0:06:49,0:01:55,0:30:55,0:16:30,0:00:00
JGDMS4JI474,S5 2023 Miami,male,USA,Number120010,open,3:37:29,1:10:46,0:13:32,2:13:11,0:07:46,0:04:59,0:00:47,0:08:03,0:05:46,0:02:09,0:23:38,0:11:47,0:02:05,0:19:01,0:13:30,0:01:46,0:17:56,0:06:08,0:01:42,0:19:15,0:09:16,0:02:12,0:17:51,0:07:17,0:02:51,0:19:41,0:12:03,0:00:00
JGDMS4JI474,S5 2023 Miami,male,GER,Number110012,open,1:09:07,0:28:09,0:02:39,0:38:19,0:03:10,0:03:43,0:00:16,0:04:30,0:02:39,0:00:32,0:05:23,0:03:56,0:00:33,0:04:58,0:03:15,0:00:19,0:04:58,0:04:06,0:00:21,0:04:53,0:02:44,0:00:08,0:04:54,0:03:12,0:00:30,0:05:33,0:04:34,0:00:00
JGDMS4JI474,S5 2023 Miami,male,GBR,Number120008,open,1:17:09,0:31:07,0:02:19,0:43:43,0:03:42,0:04:14,0:00:16,0:05:12,0:03:29,0:00:18,0:05:23,0:03:30,0:00:31,0:05:28,0:03:35,0:00:19,0:05:47,0:04:45,0:00:23,0:05:50,0:02:40,0:00:06,0:05:56,0:03:33,0:00:26,0:06:25,0:05:21,0:00:00
JGDMS4JI474,S5 2023 Miami,male,USA,Number110004,open,1:26:37,0:34:04,0:03:28,0:49:05,0:05:23,0:04:25,0:00:19,0:05:49,0:03:28,0:00:27,0:06:04,0:04:24,0:00:52,0:06:07,0:04:59,0:00:28,0:06:43,0:04:39,0:00:44,0:06:06,0:03:00,0:00:10,0:06:07,0:04:06,0:00:28,0:06:46,0:05:03,0:00:00
JGDMS4JI474,S5 2023 Miami,male,USA,Number112011,open,1:28:14,0:39:38,0:02:52,0:45:44,0:03:36,0:04:04,0:00:18,0:05:34,0:04:23,0:00:19,0:05:42,0:06:46,0:00:31,0:05:40,0:04:55,0:00:19,0:06:02,0:04:36,0:00:27,0:06:19,0:03:15,0:00:11,0:06:22,0:05:09,0:00:47,0:06:29,0:06:30,0:00:00
JGDMS4JI474,S5 2023 Miami,male,USA,Number105006,open,1:32:38,0:34:16,0:02:42,0:55:40,0:05:31,0:04:23,0:00:18,0:05:33,0:03:40,0:00:23,0:06:45,0:04:44,0:00:35,0:06:46,0:03:43,0:00:18,0:07:17,0:04:14,0:00:32,0:07:33,0:03:28,0:00:09,0:08:13,0:05:02,0:00:27,0:08:02,0:05:02,0:00:00
JGDMS4JI474,S5 2023 Miami,male,USA,Number120007,open,1:35:12,0:37:57,0:03:12,0:54:03,0:04:17,0:04:20,0:00:21,0:06:18,0:03:19,0:00:26,0:06:23,0:04:59,0:00:41,0:06:43,0:04:12,0:00:23,0:07:19,0:04:47,0:00:35,0:07:13,0:03:12,0:00:13,0:07:41,0:05:40,0:00:33,0:08:09,0:07:28,0:00:00
JGDMS4JI474,S5 2023 Miami,male,USA,Number111010,open,1:36:42,0:35:46,0:04:28,0:56:28,0:04:09,0:04:00,0:00:23,0:06:38,0:04:10,0:01:01,0:07:56,0:05:45,0:01:09,0:07:10,0:04:10,0:00:28,0:07:56,0:04:30,0:00:36,0:07:22,0:02:35,0:00:22,0:07:05,0:05:42,0:00:29,0:08:12,0:04:54,0:00:00
JGDMS4JI474,S5 2023 Miami,male,USA,Number112003,open,1:37:00,0:38:27,0:05:29,0:53:04,0:05:47,0:04:17,0:00:24,0:05:44,0:03:53,0:00:36,0:06:18,0:04:35,0:00:50,0:06:16,0:04:48,0:00:20,0:06:49,0:04:43,0:00:55,0:07:26,0:04:02,0:00:43,0:07:22,0:06:41,0:01:41,0:07:22,0:05:28,0:00:00
JGDMS4JI474,S5 2023 Miami,male,BEL,Number111009,open,1:37:39,0:44:00,0:03:56,0:49:43,0:05:19,0:04:59,0:00:20,0:05:46,0:06:48,0:00:35,0:06:17,0:07:07,0:00:50,0:06:15,0:06:11,0:00:39,0:06:35,0:04:48,0:00:41,0:06:15,0:03:34,0:00:12,0:06:38,0:05:11,0:00:39,0:06:38,0:05:22,0:00:00
JGDMS4JI474,S5 2023 Miami,male,USA,Number114013,open,1:38:52,0:38:18,0:03:30,0:57:04,0:04:02,0:04:27,0:00:19,0:06:04,0:03:30,0:00:39,0:09:42,0:04:56,0:00:35,0:07:13,0:05:39,0:00:25,0:07:28,0:05:12,0:00:38,0:07:01,0:02:44,0:00:12,0:07:36,0:04:01,0:00:42,0:07:58,0:07:49,0:00:00
JGDMS4JI474,S5 2023 Miami,male,USA,Number111012,open,1:39:23,0:41:29,0:04:33,0:53:21,0:04:08,0:04:25,0:00:19,0:06:09,0:05:09,0:00:45,0:06:40,0:05:22,0:00:59,0:06:51,0:05:19,0:00:30,0:07:44,0:05:03,0:00:47,0:07:03,0:03:34,0:00:14,0:07:07,0:05:14,0:00:59,0:07:39,0:07:23,0:00:00
JGDMS4JI474,S5 2023 Miami,male,CAN,Number112017,open,1:41:12,0:40:06,0:05:33,0:55:33,0:04:41,0:04:32,0:00:22,0:06:15,0:04:14,0:00:30,0:07:06,0:06:07,0:02:55,0:07:16,0:04:05,0:00:23,0:07:52,0:04:54,0:00:32,0:07:26,0:03:54,0:00:08,0:07:25,0:06:27,0:00:43,0:07:32,0:05:53,0:00:00
JGDMS4JI474,S5 2023 Miami,male,USA,Number121017,open,1:42:02,0:42:16,0:04:58,0:54:48,0:06:09,0:04:28,0:00:27,0:05:58,0:04:02,0:00:47,0:07:09,0:06:58,0:01:03,0:06:52,0:06:22,0:01:00,0:07:42,0:04:52,0:00:42,0:06:45,0:03:13,0:00:11,0:06:41,0:05:35,0:00:48,0:07:32,0:06:46,0:00:00
JGDMS4JI474,S5 2023 Miami,male,USA,Number105009,open,1:42:13,0:41:54,0:06:32,0:53:47,0:05:22,0:04:13,0:00:20,0:05:36,0:04:41,0:00:30,0:06:09,0:05:58,0:00:57,0:06:32,0:05:28,0:00:52,0:07:06,0:04:48,0:01:09,0:07:03,0:03:32,0:00:22,0:07:32,0:05:57,0:02:22,0:08:27,0:07:17,0:00:00
JGDMS4JI474,S5 2023 Miami,male,MEX,Number111007,open,1:43:22,0:49:32,0:03:43,0:50:07,0:03:55,0:04:44,0:00:29,0:05:42,0:05:39,0:00:37,0:06:32,0:08:38,0:00:39,0:06:45,0:06:45,0:00:21,0:06:44,0:05:13,0:00:31,0:06:47,0:04:25,0:00:18,0:06:44,0:06:36,0:00:48,0:06:58,0:07:32,0:00:00
JGDMS4JI474,S5 2023 Miami,male,USA,Number111011,open,1:45:09,0:44:44,0:03:28,0:56:57,0:04:07,0:04:12,0:00:27,0:06:20,0:07:45,0:00:26,0:07:10,0:04:25,0:00:38,0:07:07,0:05:17,0:00:22,0:07:47,0:05:18,0:00:50,0:07:42,0:03:36,0:00:11,0:07:58,0:04:40,0:00:34,0:08:46,0:09:31,0:00:00
JGDMS4JI474,S5 2023 Miami,male,USA,Number105008,open,1:46:21,0:40:58,0:03:40,1:01:43,0:04:02,0:04:42,0:00:27,0:06:35,0:04:45,0:00:36,0:07:22,0:05:51,0:00:47,0:10:32,0:05:39,0:00:24,0:07:51,0:04:59,0:00:40,0:07:38,0:03:25,0:00:13,0:08:12,0:04:10,0:00:33,0:09:31,0:07:27,0:00:00
JGDMS4JI474,S5 2023 Miami,male,USA,Number114015,open,1:48:40,0:40:13,0:08:53,0:59:34,0:04:11,0:04:24,0:00:23,0:05:56,0:03:32,0:00:50,0:10:23,0:06:22,0:01:12,0:07:13,0:05:30,0:01:23,0:07:49,0:05:04,0:01:37,0:07:27,0:03:31,0:01:07,0:07:42,0:05:16,0:02:21,0:08:53,0:06:34,0:00:00
JGDMS4JI474,S5 2023 Miami,male,USA,Number111004,open,1:49:34,0:35:48,0:12:40,1:01:06,0:04:50,0:04:30,0:00:32,0:06:55,0:03:28,0:00:56,0:07:07,0:05:05,0:01:56,0:07:47,0:04:17,0:02:52,0:08:03,0:03:53,0:01:37,0:08:01,0:03:54,0:01:34,0:08:23,0:05:14,0:03:13,0:10:00,0:05:27,0:00:00
JGDMS4JI474,S5 2023 Miami,male,USA,Number115008,open,1:49:56,0:47:33,0:07:05,0:55:18,0:03:51,0:04:31,0:00:20,0:05:51,0:06:34,0:02:30,0:11:58,0:06:43,0:01:10,0:06:56,0:05:14,0:00:29,0:07:04,0:06:27,0:00:39,0:06:06,0:04:03,0:00:12,0:06:40,0:05:58,0:01:45,0:06:52,0:08:03,0:00:00
JGDMS4JI474,S5 2023 Miami,male,USA,Number111001,open,1:56:48,0:45:46,0:07:13,1:03:49,0:04:31,0:04:40,0:00:34,0:06:40,0:04:19,0:00:48,0:07:53,0:09:24,0:01:07,0:07:54,0:05:43,0:00:52,0:08:57,0:05:07,0:01:28,0:08:26,0:04:20,0:00:12,0:09:04,0:06:38,0:02:12,0:10:24,0:05:35,0:00:00
JGDMS4JI474,S5 2023 Miami,male,USA,Number112015,open,2:02:27,0:43:11,0:04:47,1:14:29,0:05:00,0:04:56,0:00:25,0:07:23,0:02:51,0:00:39,0:09:23,0:04:32,0:01:06,0:09:09,0:07:15,0:00:32,0:10:28,0:05:46,0:00:49,0:09:23,0:03:13,0:00:21,0:10:14,0:08:07,0:00:55,0:13:29,0:06:31,0:00:00
JGDMS4JI474,S5 2023 Miami,male,USA,Number105007,open,2:03:13,0:50:20,0:09:15,1:03:38,0:07:15,0:04:49,0:00:26,0:07:24,0:06:50,0:00:56,0:08:31,0:08:03,0:03:52,0:07:51,0:07:51,0:00:28,0:08:08,0:05:15,0:01:02,0:07:54,0:04:39,0:00:11,0:08:04,0:06:51,0:02:20,0:08:31,0:06:02,0:00:00
JGDMS4JI474,S5 2023 Miami,male,USA,Number110003,open,2:04:13,0:51:02,0:09:41,1:03:30,0:03:57,0:04:18,0:00:21,0:06:03,0:04:06,0:01:44,0:08:50,0:06:18,0:01:21,0:07:46,0:07:36,0:01:16,0:08:41,0:05:35,0:01:02,0:08:44,0:03:40,0:01:06,0:08:43,0:10:08,0:02:51,0:10:46,0:09:21,0:00:00
JGDMS4JI474,S5 2023 Miami,male,GER,Number112005,open,2:05:57,0:57:35,0:08:18,1:00:04,0:04:18,0:04:29,0:00:22,0:06:12,0:06:07,0:01:40,0:07:43,0:06:01,0:01:30,0:08:02,0:07:48,0:01:30,0:07:47,0:05:21,0:01:02,0:07:09,0:03:27,0:00:35,0:06:57,0:11:36,0:01:39,0:11:56,0:12:46,0:00:00
JGDMS4JI474,S5 2023 Miami,male,USA,Number114014,open,2:06:14,0:42:21,0:09:25,1:14:28,0:07:10,0:04:30,0:00:20,0:06:26,0:04:05,0:01:37,0:09:06,0:04:53,0:01:48,0:08:34,0:06:48,0:00:46,0:11:10,0:05:12,0:00:48,0:09:16,0:03:45,0:01:43,0:11:31,0:05:58,0:02:23,0:11:15,0:07:10,0:00:00
JGDMS4JI474,S5 2023 Miami,male,USA,Number115011,open,2:08:22,0:38:39,0:06:56,1:22:47,0:06:13,0:04:26,0:00:22,0:06:43,0:09:25,0:00:41,0:10:58,0:07:00,0:02:34,0:12:06,0:02:48,0:00:50,0:10:45,0:04:44,0:00:48,0:10:06,0:02:54,0:00:09,0:08:46,0:03:26,0:01:32,0:17:10,0:03:56,0:00:00
JGDMS4JI474,S5 2023 Miami,male,USA,Number115003,open,2:10:49,0:50:24,0:07:53,1:12:32,0:07:31,0:05:11,0:00:32,0:07:31,0:05:45,0:01:31,0:09:34,0:07:53,0:01:58,0:08:41,0:07:30,0:01:05,0:09:03,0:05:42,0:00:49,0:08:54,0:04:32,0:00:35,0:09:59,0:05:42,0:01:23,0:11:19,0:08:09,0:00:00
JGDMS4JI474,S5 2023 Miami,male,USA,Number105014,open,2:17:14,1:00:41,0:08:02,1:08:31,0:07:09,0:04:35,0:00:36,0:07:46,0:05:32,0:00:37,0:07:43,0:09:14,0:01:35,0:07:59,0:10:40,0:01:09,0:08:18,0:05:29,0:01:56,0:08:12,0:04:40,0:00:10,0:09:34,0:08:09,0:01:59,0:11:50,0:12:22,0:00:00
JGDMS4JI474,S5 2023 Miami,male,USA,Number105011,open,2:20:44,1:04:43,0:11:58,1:04:03,0:06:07,0:05:20,0:00:25,0:06:24,0:06:14,0:02:00,0:08:13,0:09:29,0:01:31,0:08:07,0:10:18,0:01:49,0:08:34,0:05:55,0:01:21,0:07:52,0:04:09,0:01:29,0:07:52,0:09:55,0:03:23,0:10:54,0:13:23,0:00:00
JGDMS4JI474,S5 2023 Miami,male,USA,Number110007,open,2:21:33,1:01:18,0:09:09,1:11:06,0:05:05,0:05:26,0:00:25,0:06:36,0:10:12,0:00:50,0:08:27,0:06:52,0:03:56,0:09:12,0:08:00,0:01:15,0:10:08,0:06:37,0:00:57,0:08:56,0:06:26,0:00:40,0:09:49,0:07:10,0:01:06,0:12:53,0:10:35,0:00:00
JGDMS4JI474,S5 2023 Miami,male,USA,Number105012,open,2:28:20,0:54:59,0:08:47,1:24:34,0:08:05,0:05:29,0:00:36,0:08:45,0:07:32,0:01:43,0:09:34,0:08:21,0:01:18,0:10:22,0:05:41,0:01:20,0:11:34,0:05:33,0:01:12,0:10:10,0:04:41,0:00:58,0:11:08,0:07:54,0:01:40,0:14:56,0:09:48,0:00:00
JGDMS4JI474,S5 2023 Miami,male,USA,Number111002,open,2:30:47,1:11:43,0:04:50,1:14:14,0:05:16,0:05:19,0:00:31,0:07:36,0:07:40,0:00:37,0:08:24,0:11:31,0:01:00,0:09:38,0:08:47,0:00:51,0:10:39,0:05:40,0:00:47,0:09:28,0:04:56,0:00:16,0:11:01,0:06:53,0:00:48,0:12:12,0:20:57,0:00:00
JGDMS4JI474,S5 2023 Miami,male,USA,Number105016,open,2:33:41,0:54:00,0:08:34,1:31:07,0:07:12,0:05:07,0:00:23,0:07:50,0:05:51,0:00:42,0:12:14,0:07:51,0:01:35,0:10:03,0:07:55,0:01:43,0:12:29,0:05:01,0:01:01,0:11:05,0:04:49,0:00:53,0:13:36,0:09:10,0:02:17,0:16:38,0:08:16,0:00:00
JGDMS4JI474,S5 2023 Miami,male,USA,Number115005,open,2:35:35,1:11:27,0:06:14,1:17:54,0:06:41,0:05:56,0:00:31,0:06:27,0:10:40,0:01:11,0:08:39,0:10:35,0:01:09,0:07:24,0:07:09,0:00:36,0:08:01,0:06:53,0:00:57,0:12:27,0:06:04,0:00:13,0:20:11,0:13:31,0:01:37,0:08:04,0:10:39,0:00:00
JGDMS4JI474,S5 2023 Miami,male,USA,Number110013,open,2:39:15,0:58:55,0:11:29,1:28:51,0:05:40,0:05:11,0:00:31,0:08:22,0:04:58,0:01:29,0:10:57,0:12:21,0:02:05,0:14:29,0:07:46,0:01:15,0:10:55,0:05:52,0:02:35,0:10:11,0:04:55,0:01:08,0:13:43,0:09:50,0:02:26,0:14:34,0:08:02,0:00:00
JGDMS4JI474,S5 2023 Miami,male,USA,Number115001,open,2:54:08,1:07:23,0:13:58,1:32:47,0:07:43,0:04:48,0:00:27,0:07:27,0:06:48,0:00:56,0:11:10,0:10:31,0:01:14,0:10:26,0:11:49,0:02:02,0:12:23,0:05:24,0:02:59,0:12:02,0:06:25,0:03:54,0:10:51,0:09:50,0:02:26,0:20:45,0:11:48,0:00:00
JGDMS4JI474,S5 2023 Miami,male,USA,Number110015,open,3:40:00,1:30:21,0:20:08,1:49:31,0:05:41,0:05:22,0:01:05,0:08:51,0:07:17,0:00:58,0:11:44,0:13:43,0:04:06,0:16:19,0:16:25,0:01:14,0:15:02,0:10:22,0:02:25,0:13:13,0:07:51,0:02:16,0:13:18,0:09:51,0:08:04,0:25:23,0:19:30,0:00:00
JGDMS4JI474,S5 2023 Miami,male,USA,Number120002,open,3:39:56,1:23:37,0:20:46,1:55:33,0:06:26,0:05:22,0:00:56,0:12:57,0:07:35,0:04:42,0:17:14,0:14:46,0:04:36,0:15:39,0:10:54,0:03:30,0:14:56,0:08:20,0:01:28,0:15:15,0:05:59,0:01:24,0:14:05,0:11:17,0:04:10,0:19:01,0:19:24,0:00:00
JGDMS4JI474,S5 2023 Miami,female,GER,Number125005,open,1:26:26,0:36:27,0:02:59,0:47:00,0:03:56,0:05:11,0:00:19,0:05:41,0:02:48,0:00:27,0:05:48,0:05:44,0:00:47,0:05:54,0:04:39,0:00:24,0:06:37,0:05:26,0:00:24,0:06:19,0:04:02,0:00:07,0:06:20,0:04:50,0:00:31,0:06:25,0:03:47,0:00:00
JGDMS4JI474,S5 2023 Miami,female,USA,Number130006,open,1:32:24,0:34:50,0:03:42,0:53:52,0:04:26,0:05:07,0:00:22,0:06:11,0:02:35,0:00:26,0:06:50,0:05:39,0:00:54,0:07:07,0:05:09,0:00:27,0:07:13,0:05:39,0:00:35,0:07:02,0:03:05,0:00:12,0:07:30,0:03:52,0:00:46,0:07:33,0:03:44,0:00:00
JGDMS4JI474,S5 2023 Miami,female,USA,Number125009,open,1:40:41,0:40:35,0:03:28,0:56:38,0:04:18,0:04:56,0:00:19,0:06:20,0:03:06,0:00:29,0:06:58,0:05:46,0:00:47,0:07:32,0:07:18,0:00:31,0:07:58,0:05:34,0:00:44,0:07:48,0:04:11,0:00:09,0:07:39,0:05:06,0:00:29,0:08:05,0:04:38,0:00:00
JGDMS4JI474,S5 2023 Miami,female,USA,Number131012,open,1:50:47,0:43:29,0:05:19,1:01:59,0:04:54,0:05:12,0:00:39,0:07:09,0:03:11,0:00:59,0:07:37,0:06:38,0:01:12,0:07:44,0:07:10,0:00:41,0:08:19,0:05:32,0:00:51,0:08:09,0:03:41,0:00:11,0:08:23,0:06:36,0:00:46,0:09:44,0:05:29,0:00:00
JGDMS4JI474,S5 2023 Miami,female,USA,Number125010,open,1:53:48,0:39:51,0:06:14,1:07:43,0:07:08,0:05:18,0:00:25,0:07:10,0:02:55,0:00:29,0:07:57,0:06:26,0:01:03,0:08:26,0:05:31,0:01:16,0:09:13,0:05:37,0:00:47,0:08:46,0:04:05,0:00:17,0:09:08,0:05:08,0:01:57,0:09:55,0:04:51,0:00:00
JGDMS4JI474,S5 2023 Miami,female,GBR,Number130008,open,1:56:50,0:39:58,0:04:45,1:12:07,0:08:23,0:04:44,0:00:25,0:08:39,0:04:33,0:01:04,0:08:47,0:04:14,0:00:37,0:09:09,0:05:56,0:01:01,0:09:02,0:06:40,0:00:41,0:09:05,0:03:50,0:00:12,0:09:14,0:04:42,0:00:45,0:09:48,0:05:19,0:00:00
JGDMS4JI474,S5 2023 Miami,female,USA,Number132012,open,1:57:46,0:48:35,0:06:43,1:02:28,0:07:01,0:05:53,0:00:44,0:07:22,0:04:09,0:01:15,0:07:54,0:08:48,0:01:01,0:07:46,0:07:24,0:01:42,0:07:59,0:06:06,0:00:56,0:07:37,0:03:36,0:00:14,0:07:47,0:05:37,0:00:51,0:09:02,0:07:02,0:00:00
JGDMS4JI474,S5 2023 Miami,female,USA,Number130016,open,1:59:26,0:47:08,0:04:53,1:07:25,0:04:32,0:05:28,0:00:25,0:07:04,0:03:53,0:01:16,0:08:55,0:07:31,0:01:00,0:08:31,0:06:58,0:00:25,0:09:02,0:05:38,0:00:57,0:08:51,0:04:25,0:00:11,0:09:34,0:07:25,0:00:39,0:10:56,0:05:50,0:00:00
JGDMS4JI474,S5 2023 Miami,female,USA,Number130001,open,2:00:28,0:41:26,0:05:42,1:13:20,0:05:11,0:05:45,0:00:40,0:08:11,0:03:43,0:00:52,0:09:09,0:06:48,0:01:08,0:09:52,0:06:12,0:00:59,0:10:58,0:07:21,0:00:45,0:09:20,0:03:01,0:00:10,0:09:32,0:03:40,0:01:08,0:11:07,0:04:56,0:00:00
JGDMS4JI474,S5 2023 Miami,female,USA,Number131016,open,2:02:27,0:43:21,0:07:03,1:12:03,0:04:43,0:05:20,0:00:49,0:07:26,0:03:06,0:00:59,0:09:10,0:07:18,0:01:54,0:09:30,0:05:28,0:01:14,0:09:52,0:06:48,0:00:52,0:10:13,0:04:36,0:00:17,0:10:22,0:05:07,0:00:58,0:10:47,0:05:38,0:00:00
JGDMS4JI474,S5 2023 Miami,female,USA,Number132009,open,2:04:19,0:43:59,0:08:36,1:11:44,0:07:26,0:06:00,0:01:03,0:09:30,0:04:37,0:00:59,0:10:05,0:06:43,0:01:18,0:07:41,0:05:55,0:01:20,0:10:36,0:06:31,0:01:35,0:08:19,0:04:34,0:00:56,0:08:26,0:05:13,0:01:25,0:09:41,0:04:26,0:00:00
JGDMS4JI474,S5 2023 Miami,female,GBR,Number130009,open,2:05:04,0:48:56,0:04:33,1:11:35,0:04:47,0:05:41,0:00:22,0:07:41,0:04:28,0:00:33,0:08:45,0:06:53,0:01:03,0:09:02,0:07:02,0:00:39,0:10:58,0:05:48,0:00:42,0:09:56,0:04:52,0:00:15,0:09:44,0:07:59,0:00:59,0:10:42,0:06:13,0:00:00
JGDMS4JI474,S5 2023 Miami,female,USA,Number131015,open,2:08:20,0:47:04,0:05:48,1:15:28,0:07:04,0:05:43,0:00:40,0:08:11,0:04:22,0:01:01,0:09:33,0:07:59,0:01:04,0:09:26,0:06:05,0:00:55,0:10:13,0:06:14,0:00:54,0:09:35,0:05:10,0:00:16,0:09:39,0:06:30,0:00:58,0:11:47,0:05:01,0:00:00
JGDMS4JI474,S5 2023 Miami,female,USA,Number125016,open,2:11:13,0:51:23,0:07:26,1:12:24,0:04:55,0:05:28,0:00:29,0:08:20,0:04:16,0:01:09,0:09:24,0:10:23,0:01:06,0:10:03,0:07:59,0:01:10,0:09:35,0:06:00,0:01:40,0:09:15,0:03:14,0:00:13,0:09:49,0:07:00,0:01:39,0:11:03,0:07:03,0:00:00
JGDMS4JI474,S5 2023 Miami,female,USA,Number125002,open,2:18:59,1:06:14,0:07:20,1:05:25,0:05:40,0:07:20,0:00:27,0:07:30,0:06:22,0:00:30,0:07:36,0:11:53,0:00:57,0:07:44,0:11:44,0:00:24,0:08:52,0:07:05,0:04:42,0:12:00,0:03:54,0:00:09,0:07:33,0:11:37,0:00:11,0:08:30,0:06:19,0:00:00
JGDMS4JI474,S5 2023 Miami,female,USA,Number131006,open,2:22:25,0:57:49,0:07:22,1:17:14,0:07:31,0:05:24,0:00:38,0:08:30,0:04:28,0:00:47,0:09:22,0:07:32,0:01:28,0:09:44,0:11:47,0:01:38,0:10:13,0:05:59,0:01:02,0:09:59,0:06:54,0:00:21,0:10:17,0:08:12,0:01:28,0:11:38,0:07:33,0:00:00
JGDMS4JI474,S5 2023 Miami,female,USA,Number130003,open,2:24:44,0:58:22,0:08:22,1:18:00,0:07:46,0:06:08,0:00:34,0:08:10,0:04:56,0:01:29,0:11:01,0:11:05,0:01:27,0:09:25,0:10:17,0:01:18,0:10:33,0:06:18,0:01:12,0:09:37,0:06:01,0:00:22,0:10:19,0:08:17,0:02:00,0:11:09,0:05:20,0:00:00
JGDMS4JI474,S5 2023 Miami,female,USA,Number125003,open,2:28:40,0:58:43,0:06:27,1:23:30,0:05:25,0:06:05,0:00:29,0:08:00,0:04:04,0:00:34,0:09:48,0:10:17,0:01:25,0:12:04,0:13:31,0:01:07,0:12:09,0:06:31,0:00:48,0:11:44,0:03:34,0:00:13,0:11:39,0:08:41,0:01:51,0:12:41,0:06:00,0:00:00
JGDMS4JI474,S5 2023 Miami,female,USA,Number125013,open,2:35:07,0:50:25,0:06:29,1:38:13,0:06:08,0:05:19,0:00:38,0:10:19,0:03:43,0:00:59,0:12:43,0:06:52,0:01:13,0:12:44,0:08:46,0:00:46,0:15:02,0:06:09,0:00:55,0:12:47,0:05:35,0:00:41,0:13:10,0:08:02,0:01:17,0:15:20,0:05:59,0:00:00
JGDMS4JI474,S5 2023 Miami,female,USA,Number131008,open,3:03:12,1:13:57,0:06:53,1:42:22,0:09:19,0:05:49,0:00:51,0:11:12,0:04:45,0:01:02,0:12:03,0:12:30,0:01:32,0:12:00,0:13:14,0:00:34,0:12:54,0:06:46,0:01:23,0:13:43,0:07:22,0:00:21,0:14:25,0:14:04,0:01:10,0:16:46,0:09:27,0:00:00
JGDMS4JI474,S5 2023 Miami,female,USA,Number125017,open,1:20:23,0:31:22,0:02:19,0:46:42,0:04:00,0:04:33,0:00:17,0:05:32,0:03:13,0:00:20,0:05:52,0:04:19,0:00:32,0:05:54,0:04:19,0:00:15,0:06:21,0:04:53,0:00:24,0:06:17,0:03:12,0:00:06,0:06:19,0:03:52,0:00:25,0:06:27,0:03:01,0:00:00
JGDMS4JI474,S5 2023 Miami,female,USA,Number131001,open,1:24:38,0:30:31,0:03:41,0:50:26,0:05:22,0:04:36,0:00:31,0:05:51,0:02:51,0:00:49,0:06:36,0:04:15,0:00:46,0:06:16,0:05:07,0:00:27,0:06:44,0:04:48,0:00:27,0:06:37,0:02:44,0:00:10,0:06:20,0:03:10,0:00:31,0:06:40,0:03:00,0:00:00
JGDMS4JI474,S5 2023 Miami,female,USA,Number131007,open,1:26:55,0:31:01,0:02:57,0:52:57,0:05:16,0:05:10,0:00:27,0:07:01,0:03:17,0:00:21,0:06:55,0:05:17,0:00:40,0:06:50,0:02:52,0:00:19,0:07:07,0:05:06,0:00:32,0:06:46,0:03:10,0:00:10,0:06:29,0:02:54,0:00:28,0:06:33,0:03:15,0:00:00
JGDMS4JI474,S5 2023 Miami,female,USA,Number130015,open,1:40:19,0:43:28,0:03:29,0:53:22,0:04:45,0:05:24,0:00:19,0:06:21,0:03:04,0:00:33,0:06:36,0:07:06,0:00:36,0:06:51,0:05:51,0:00:47,0:07:05,0:05:57,0:00:24,0:06:53,0:03:16,0:00:11,0:07:10,0:04:41,0:00:39,0:07:41,0:08:09,0:00:00
JGDMS4JI474,S5 2023 Miami,female,USA,Number130014,open,1:46:55,0:40:33,0:08:01,0:58:21,0:04:31,0:04:56,0:00:23,0:06:39,0:04:04,0:00:39,0:07:05,0:06:40,0:01:19,0:07:26,0:07:31,0:01:20,0:07:54,0:05:22,0:01:34,0:08:42,0:04:09,0:00:43,0:07:22,0:04:01,0:02:03,0:08:42,0:03:50,0:00:00
JGDMS4JI474,S5 2023 Miami,female,USA,Number130013,open,1:51:10,0:37:01,0:05:22,1:08:47,0:04:28,0:05:18,0:00:20,0:07:10,0:04:02,0:01:34,0:12:48,0:05:36,0:01:12,0:08:35,0:04:06,0:00:45,0:09:20,0:05:23,0:00:51,0:08:22,0:04:00,0:00:11,0:09:09,0:03:58,0:00:29,0:08:55,0:04:38,0:00:00
JGDMS4JI474,S5 2023 Miami,female,USA,Number130005,open,1:54:32,0:37:36,0:06:25,1:10:31,0:06:21,0:05:08,0:00:22,0:09:24,0:03:21,0:00:44,0:10:05,0:04:25,0:02:11,0:07:20,0:04:50,0:00:47,0:09:03,0:05:36,0:01:07,0:08:56,0:04:11,0:00:17,0:08:15,0:05:46,0:00:57,0:11:07,0:04:19,0:00:00
JGDMS4JI474,S5 2023 Miami,female,USA,Number130012,open,1:57:25,0:47:31,0:05:35,1:04:19,0:05:38,0:05:30,0:01:17,0:07:35,0:04:46,0:00:37,0:07:56,0:08:24,0:00:59,0:08:05,0:06:42,0:00:41,0:09:10,0:05:49,0:00:40,0:08:18,0:04:11,0:00:26,0:08:43,0:05:10,0:00:55,0:08:54,0:06:59,0:00:00
JGDMS4JI474,S5 2023 Miami,female,USA,Number130002,open,1:58:00,0:45:57,0:06:35,1:05:28,0:04:28,0:05:21,0:00:29,0:07:15,0:03:49,0:01:01,0:08:09,0:07:54,0:01:13,0:08:02,0:06:58,0:01:07,0:08:53,0:05:51,0:01:10,0:08:30,0:04:12,0:00:17,0:09:11,0:06:22,0:01:18,0:11:00,0:05:30,0:00:00
JGDMS4JI474,S5 2023 Miami,female,USA,Number130011,open,1:59:48,0:46:27,0:08:16,1:05:05,0:04:44,0:05:59,0:00:25,0:07:19,0:04:07,0:01:27,0:08:33,0:08:58,0:01:31,0:09:57,0:05:47,0:01:12,0:09:03,0:06:34,0:00:54,0:08:09,0:04:05,0:00:44,0:08:01,0:06:21,0:02:03,0:09:19,0:04:36,0:00:00
JGDMS4JI474,S5 2023 Miami,female,USA,Number131010,open,2:01:30,0:43:16,0:07:24,1:10:50,0:04:28,0:05:12,0:00:19,0:09:10,0:04:26,0:03:28,0:09:40,0:06:14,0:01:00,0:09:48,0:06:04,0:00:26,0:10:12,0:05:09,0:00:40,0:09:35,0:04:41,0:00:27,0:08:55,0:05:51,0:01:04,0:09:02,0:05:39,0:00:00
JGDMS4JI474,S5 2023 Miami,female,USA,Number131003,open,2:03:39,0:46:04,0:03:48,1:13:47,0:04:56,0:05:17,0:00:21,0:07:52,0:03:52,0:00:33,0:08:52,0:06:59,0:00:56,0:09:20,0:08:25,0:00:24,0:09:33,0:06:12,0:00:42,0:09:48,0:04:26,0:00:12,0:10:32,0:05:33,0:00:40,0:12:54,0:05:20,0:00:00
JGDMS4JI474,S5 2023 Miami,female,USA,Number131004,open,2:04:43,0:45:28,0:09:36,1:09:39,0:05:29,0:05:14,0:00:40,0:07:57,0:03:09,0:01:00,0:09:07,0:08:02,0:01:20,0:09:11,0:07:39,0:02:16,0:09:42,0:05:56,0:01:29,0:09:01,0:04:02,0:01:08,0:09:03,0:06:01,0:01:43,0:10:09,0:05:25,0:00:00
JGDMS4JI474,S5 2023 Miami,female,USA,Number125012,open,2:08:20,0:46:26,0:04:23,1:17:31,0:08:08,0:06:34,0:00:22,0:07:56,0:03:39,0:00:52,0:09:58,0:10:20,0:00:53,0:09:49,0:05:17,0:00:30,0:10:41,0:06:26,0:00:34,0:09:38,0:04:31,0:00:11,0:10:00,0:05:45,0:01:01,0:11:21,0:03:54,0:00:00
JGDMS4JI474,S5 2023 Miami,female,USA,Number131005,open,2:10:57,0:45:56,0:11:12,1:13:49,0:04:44,0:05:09,0:00:50,0:08:14,0:04:20,0:01:25,0:09:50,0:09:13,0:01:25,0:09:22,0:04:46,0:02:22,0:11:25,0:05:58,0:01:35,0:13:07,0:04:42,0:01:25,0:09:27,0:05:54,0:02:10,0:07:40,0:05:54,0:00:00
JGDMS4JI474,S5 2023 Miami,female,USA,Number130007,open,2:12:23,0:53:47,0:04:27,1:14:09,0:04:49,0:05:39,0:00:31,0:08:22,0:04:55,0:00:48,0:11:37,0:09:28,0:01:11,0:10:10,0:10:52,0:00:27,0:09:40,0:05:48,0:00:45,0:08:59,0:04:18,0:00:11,0:09:57,0:05:26,0:00:34,0:10:35,0:07:21,0:00:00
JGDMS4JI474,S5 2023 Miami,female,USA,Number125004,open,2:21:58,0:54:15,0:05:55,1:21:48,0:05:36,0:05:27,0:00:36,0:07:44,0:03:11,0:00:30,0:09:17,0:08:46,0:01:26,0:10:39,0:09:50,0:00:38,0:12:20,0:05:57,0:01:01,0:11:43,0:05:54,0:00:22,0:11:10,0:08:15,0:01:22,0:13:19,0:06:55,0:00:00
JGDMS4JI474,S5 2023 Miami,female,USA,Number131013,open,2:22:52,0:56:56,0:07:35,1:18:21,0:04:44,0:05:31,0:00:57,0:10:19,0:03:54,0:00:58,0:09:25,0:08:23,0:01:05,0:09:24,0:12:21,0:01:34,0:10:57,0:06:20,0:01:00,0:10:47,0:05:14,0:00:24,0:10:32,0:06:47,0:01:37,0:12:13,0:08:26,0:00:00
JGDMS4JI474,S5 2023 Miami,female,USA,Number125001,open,2:28:22,0:51:24,0:10:22,1:26:36,0:05:18,0:05:39,0:00:26,0:10:37,0:03:21,0:00:42,0:09:20,0:09:11,0:01:22,0:10:09,0:09:34,0:01:41,0:10:28,0:05:40,0:01:37,0:17:12,0:04:23,0:01:05,0:10:59,0:06:08,0:03:29,0:12:33,0:07:28,0:00:00
JGDMS4JI474,S5 2023 Miami,female,USA,Number125015,open,2:33:42,0:56:34,0:10:10,1:26:58,0:05:33,0:05:14,0:00:31,0:08:19,0:03:29,0:00:52,0:09:27,0:07:11,0:01:31,0:10:36,0:12:21,0:02:25,0:12:21,0:07:31,0:01:21,0:12:25,0:03:32,0:00:56,0:13:16,0:10:02,0:02:34,0:15:01,0:07:14,0:00:00
JGDMS4JI474,S5 2023 Miami,female,USA,Number125006,open,2:38:03,0:51:01,0:25:39,1:21:23,0:07:46,0:05:50,0:00:56,0:08:35,0:06:05,0:01:28,0:10:43,0:08:32,0:05:34,0:09:48,0:07:30,0:06:06,0:09:54,0:05:57,0:02:32,0:10:32,0:04:49,0:04:31,0:10:33,0:06:39,0:04:32,0:13:32,0:05:39,0:00:00
JGDMS4JI474,S5 2023 Miami,male,GER,Number140004,pro,1:21:29,0:34:50,0:02:47,0:43:52,0:03:49,0:04:05,0:00:17,0:05:16,0:03:57,0:00:19,0:05:44,0:05:41,0:00:36,0:05:42,0:03:55,0:00:31,0:05:42,0:04:30,0:00:24,0:05:35,0:02:39,0:00:11,0:05:56,0:04:22,0:00:29,0:06:08,0:05:41,0:00:00
JGDMS4JI474,S5 2023 Miami,male,USA,Number140001,pro,0:00:00,0:00:00,0:00:00,0:00:00,0:00:00,0:00:00,0:00:00,0:00:00,0:00:00,0:00:00,0:00:00,0:00:00,0:00:00,0:00:00,0:00:00,0:00:00,0:00:00,0:00:00,0:00:00,0:00:00,0:00:00,0:00:00,0:00:00,0:00:00,0:00:00,0:00:00,0:00:00,0:00:00
JGDMS4JI474,S5 2023 Miami,male,USA,Number141001,pro,1:25:09,0:34:34,0:04:01,0:46:34,0:04:05,0:04:07,0:00:18,0:05:28,0:03:44,0:00:24,0:05:39,0:05:55,0:00:50,0:05:42,0:03:47,0:00:35,0:06:03,0:04:28,0:00:47,0:06:03,0:03:06,0:00:17,0:06:22,0:04:07,0:00:50,0:07:12,0:05:20,0:00:00
JGDMS4JI474,S5 2023 Miami,male,USA,Number140011,pro,1:27:51,0:38:55,0:02:46,0:46:10,0:03:29,0:04:05,0:00:15,0:05:03,0:04:48,0:00:26,0:05:33,0:07:16,0:00:31,0:05:57,0:04:28,0:00:25,0:06:10,0:04:18,0:00:29,0:06:25,0:03:30,0:00:07,0:06:30,0:03:48,0:00:33,0:07:03,0:06:42,0:00:00
JGDMS4JI474,S5 2023 Miami,male,USA,Number141004,pro,1:29:35,0:37:34,0:03:41,0:48:20,0:03:43,0:04:09,0:00:16,0:05:08,0:04:02,0:00:35,0:05:43,0:05:48,0:00:50,0:06:11,0:03:56,0:00:30,0:06:52,0:04:30,0:00:35,0:06:19,0:03:38,0:00:13,0:06:48,0:04:03,0:00:42,0:07:36,0:07:28,0:00:00
JGDMS4JI474,S5 2023 Miami,male,USA,Number141011,pro,1:34:26,0:34:20,0:02:56,0:57:10,0:04:02,0:03:59,0:00:17,0:05:53,0:04:22,0:00:18,0:07:15,0:05:31,0:00:40,0:07:18,0:03:48,0:00:22,0:07:52,0:04:28,0:00:37,0:08:04,0:03:11,0:00:08,0:08:50,0:04:20,0:00:34,0:07:56,0:04:41,0:00:00
JGDMS4JI474,S5 2023 Miami,male,USA,Number142006,pro,1:36:22,0:40:44,0:03:21,0:52:17,0:04:23,0:04:31,0:00:19,0:06:13,0:04:15,0:00:21,0:06:18,0:08:22,0:00:38,0:06:24,0:03:30,0:00:23,0:06:46,0:04:58,0:00:34,0:06:58,0:04:14,0:00:11,0:07:08,0:04:38,0:00:55,0:08:07,0:06:16,0:00:00
JGDMS4JI474,S5 2023 Miami,male,USA,Number141013,pro,1:40:21,0:46:21,0:02:54,0:51:06,0:03:50,0:04:03,0:00:17,0:05:30,0:05:22,0:00:16,0:06:15,0:05:46,0:00:29,0:06:27,0:05:45,0:00:21,0:06:43,0:04:35,0:00:31,0:06:52,0:04:07,0:00:10,0:07:01,0:08:04,0:00:50,0:08:28,0:08:39,0:00:00
JGDMS4JI474,S5 2023 Miami,male,GER,Number140013,pro,1:45:15,0:53:31,0:04:02,0:47:42,0:03:47,0:04:29,0:00:20,0:05:39,0:06:39,0:00:30,0:05:56,0:11:26,0:00:50,0:06:01,0:05:26,0:00:28,0:06:19,0:04:48,0:00:33,0:06:15,0:04:42,0:00:11,0:06:38,0:06:36,0:01:10,0:07:07,0:09:25,0:00:00
JGDMS4JI474,S5 2023 Miami,male,USA,Number140005,pro,1:48:36,0:46:35,0:04:47,0:57:14,0:03:49,0:04:32,0:00:18,0:06:16,0:05:51,0:00:41,0:07:33,0:08:29,0:01:17,0:07:31,0:05:43,0:00:43,0:07:38,0:05:28,0:00:52,0:07:38,0:04:40,0:00:12,0:08:08,0:04:01,0:00:44,0:08:41,0:07:51,0:00:00
JGDMS4JI474,S5 2023 Miami,male,USA,Number141015,pro,1:50:21,0:49:06,0:05:35,0:55:40,0:04:01,0:04:30,0:00:19,0:05:59,0:06:58,0:01:24,0:07:48,0:09:55,0:01:15,0:07:26,0:06:50,0:00:35,0:07:24,0:05:04,0:00:54,0:07:20,0:03:20,0:00:15,0:07:29,0:05:17,0:00:53,0:08:13,0:07:12,0:00:00
JGDMS4JI474,S5 2023 Miami,male,USA,Number142011,pro,1:56:33,0:56:48,0:15:11,0:44:34,0:03:28,0:04:37,0:00:18,0:05:15,0:11:47,0:12:33,0:05:44,0:10:29,0:00:39,0:05:18,0:05:37,0:00:21,0:06:02,0:04:46,0:00:38,0:06:04,0:04:49,0:00:11,0:06:02,0:05:22,0:00:31,0:06:41,0:09:21,0:00:00
JGDMS4JI474,S5 2023 Miami,male,USA,Number142009,pro,2:01:23,0:58:44,0:04:46,0:57:53,0:03:42,0:04:28,0:00:21,0:06:00,0:05:34,0:00:49,0:07:09,0:12:39,0:01:02,0:08:14,0:07:57,0:00:28,0:08:01,0:05:12,0:00:52,0:07:21,0:05:20,0:00:13,0:07:39,0:06:22,0:01:01,0:09:47,0:11:12,0:00:00
JGDMS4JI474,S5 2023 Miami,male,USA,Number141002,pro,2:08:20,0:48:05,0:04:56,1:15:19,0:04:14,0:04:12,0:00:22,0:09:06,0:04:22,0:00:37,0:10:27,0:09:46,0:01:21,0:10:04,0:04:39,0:00:28,0:10:35,0:04:31,0:00:54,0:10:08,0:03:12,0:00:17,0:09:08,0:10:27,0:00:57,0:11:37,0:06:56,0:00:00
JGDMS4JI474,S5 2023 Miami,male,USA,Number140006,pro,2:14:41,1:02:27,0:06:55,1:05:19,0:03:55,0:04:25,0:00:19,0:06:02,0:10:23,0:00:43,0:09:04,0:11:09,0:01:43,0:08:17,0:06:55,0:00:52,0:08:35,0:05:30,0:00:54,0:08:44,0:05:56,0:00:15,0:09:35,0:05:07,0:02:09,0:11:07,0:13:02,0:00:00
JGDMS4JI474,S5 2023 Miami,male,CAN,Number142015,pro,2:20:17,1:02:07,0:09:55,1:08:15,0:03:22,0:04:43,0:00:17,0:06:00,0:12:58,0:01:05,0:11:53,0:12:25,0:01:15,0:09:43,0:04:47,0:02:18,0:11:48,0:05:31,0:01:57,0:10:42,0:05:47,0:00:10,0:07:06,0:06:20,0:02:53,0:07:41,0:09:36,0:00:00
JGDMS4JI474,S5 2023 Miami,male,USA,Number142002,pro,2:25:35,1:22:52,0:07:19,0:55:24,0:03:22,0:04:24,0:00:18,0:05:19,0:14:03,0:00:44,0:07:37,0:17:15,0:01:15,0:06:42,0:09:05,0:00:42,0:07:56,0:05:47,0:01:13,0:07:01,0:04:57,0:00:24,0:07:00,0:04:22,0:02:43,0:10:27,0:22:59,0:00:00
JGDMS4JI474,S5 2023 Miami,male,USA,Number140007,pro,2:29:27,1:10:47,0:10:17,1:08:23,0:03:29,0:04:59,0:00:16,0:05:54,0:13:07,0:00:54,0:11:51,0:12:18,0:01:30,0:08:35,0:08:59,0:01:57,0:09:32,0:05:53,0:01:48,0:09:43,0:06:10,0:00:10,0:09:13,0:05:46,0:03:42,0:10:06,0:13:35,0:00:00
JGDMS4JI474,S5 2023 Miami,male,USA,Number142007,pro,2:35:34,1:20:41,0:13:20,1:01:33,0:03:29,0:04:34,0:00:16,0:05:46,0:19:47,0:01:07,0:07:06,0:18:08,0:03:13,0:10:45,0:06:33,0:03:16,0:10:54,0:06:39,0:00:46,0:09:41,0:06:22,0:02:42,0:07:59,0:05:15,0:02:00,0:05:53,0:13:23,0:00:00
JGDMS4JI474,S5 2023 Miami,male,USA,Number142016,pro,2:49:18,1:07:01,0:19:10,1:23:07,0:03:56,0:05:30,0:00:22,0:09:35,0:15:42,0:01:03,0:12:17,0:14:44,0:01:18,0:12:13,0:04:16,0:02:51,0:11:48,0:05:27,0:02:01,0:11:44,0:05:18,0:03:03,0:11:23,0:04:40,0:08:32,0:10:11,0:11:24,0:00:00
JGDMS4JI474,S5 2023 Miami,male,USA,Number141008,pro,1:20:21,0:35:20,0:02:29,0:42:32,0:03:36,0:04:07,0:00:17,0:04:52,0:04:21,0:00:17,0:05:25,0:04:44,0:00:33,0:05:17,0:04:10,0:00:19,0:05:38,0:04:26,0:00:28,0:05:41,0:02:36,0:00:06,0:05:58,0:04:56,0:00:29,0:06:05,0:06:00,0:00:00
JGDMS4JI474,S5 2023 Miami,male,USA,Number142004,pro,1:22:22,0:35:11,0:02:27,0:44:44,0:03:25,0:03:47,0:00:15,0:05:08,0:05:20,0:00:15,0:05:38,0:05:22,0:00:38,0:05:42,0:04:20,0:00:14,0:06:41,0:04:14,0:00:25,0:05:35,0:03:02,0:00:07,0:05:54,0:03:40,0:00:33,0:06:41,0:05:26,0:00:00
JGDMS4JI474,S5 2023 Miami,male,USA,Number142012,pro,1:24:31,0:31:18,0:03:34,0:49:39,0:03:37,0:03:50,0:00:17,0:05:48,0:03:01,0:00:25,0:06:16,0:04:39,0:00:38,0:06:23,0:03:48,0:00:37,0:06:47,0:04:12,0:00:41,0:06:38,0:02:27,0:00:14,0:06:46,0:03:38,0:00:42,0:07:24,0:05:43,0:00:00
JGDMS4JI474,S5 2023 Miami,male,USA,Number142001,pro,1:27:01,0:35:28,0:02:29,0:49:04,0:03:44,0:04:06,0:00:18,0:05:40,0:03:43,0:00:17,0:06:16,0:05:23,0:00:31,0:06:19,0:04:18,0:00:21,0:06:47,0:04:37,0:00:23,0:06:29,0:03:07,0:00:08,0:06:48,0:04:21,0:00:31,0:07:01,0:05:53,0:00:00
JGDMS4JI474,S5 2023 Miami,male,USA,Number142008,pro,1:27:58,0:36:21,0:05:17,0:46:20,0:03:58,0:04:09,0:00:19,0:05:38,0:04:16,0:00:53,0:05:56,0:06:26,0:00:48,0:06:01,0:03:55,0:01:04,0:06:10,0:04:46,0:00:55,0:05:48,0:03:05,0:00:15,0:06:05,0:03:36,0:01:03,0:06:44,0:06:08,0:00:00
JGDMS4JI474,S5 2023 Miami,male,USA,Number140008,pro,1:30:03,0:36:32,0:03:25,0:50:06,0:03:54,0:04:22,0:00:21,0:05:41,0:03:52,0:00:30,0:06:14,0:05:32,0:00:46,0:06:30,0:04:40,0:00:25,0:06:44,0:04:38,0:00:32,0:06:19,0:03:09,0:00:10,0:07:09,0:04:15,0:00:41,0:07:35,0:06:04,0:00:00
JGDMS4JI474,S5 2023 Miami,male,USA,Number140002,pro,1:34:44,0:39:47,0:03:08,0:51:49,0:03:21,0:04:12,0:00:14,0:05:19,0:03:39,0:00:23,0:06:17,0:06:56,0:00:49,0:06:25,0:03:53,0:00:28,0:06:50,0:04:58,0:00:27,0:06:58,0:03:26,0:00:11,0:07:52,0:05:00,0:00:36,0:08:47,0:07:43,0:00:00
JGDMS4JI474,S5 2023 Miami,male,GER,Number141012,pro,1:40:07,0:38:43,0:04:13,0:57:11,0:03:49,0:04:15,0:00:17,0:06:02,0:05:09,0:01:20,0:07:50,0:07:25,0:00:54,0:08:08,0:03:18,0:00:24,0:07:42,0:04:51,0:00:34,0:07:23,0:03:35,0:00:08,0:07:53,0:03:45,0:00:36,0:08:24,0:06:25,0:00:00
JGDMS4JI474,S5 2023 Miami,male,USA,Number140009,pro,1:42:37,0:44:41,0:03:19,0:54:37,0:03:58,0:04:22,0:00:19,0:05:46,0:05:00,0:00:24,0:06:40,0:05:49,0:00:55,0:06:52,0:06:35,0:00:30,0:07:48,0:05:15,0:00:30,0:06:51,0:03:13,0:00:09,0:08:10,0:05:02,0:00:32,0:08:32,0:09:25,0:00:00
JGDMS4JI474,S5 2023 Miami,male,USA,Number141005,pro,1:46:55,0:42:18,0:03:58,1:00:39,0:04:09,0:04:13,0:00:18,0:06:14,0:07:18,0:00:37,0:09:49,0:06:24,0:00:45,0:07:55,0:03:45,0:00:36,0:07:55,0:04:50,0:00:39,0:07:27,0:02:56,0:00:08,0:07:42,0:04:55,0:00:55,0:09:28,0:07:57,0:00:00
JGDMS4JI474,S5 2023 Miami,male,USA,Number140012,pro,1:49:35,0:41:46,0:04:31,1:03:18,0:03:34,0:04:03,0:00:15,0:05:08,0:06:08,0:00:52,0:08:36,0:07:24,0:00:57,0:08:52,0:04:15,0:00:24,0:08:30,0:04:38,0:00:42,0:08:07,0:04:06,0:00:16,0:09:02,0:04:51,0:01:05,0:11:29,0:06:21,0:00:00
JGDMS4JI474,S5 2023 Miami,male,USA,Number141003,pro,1:53:59,0:51:58,0:05:03,0:56:58,0:04:08,0:04:42,0:00:20,0:05:58,0:06:03,0:00:43,0:07:49,0:08:20,0:01:04,0:07:26,0:07:44,0:00:42,0:08:04,0:04:45,0:00:43,0:07:19,0:04:13,0:00:11,0:07:41,0:07:08,0:01:20,0:08:33,0:09:03,0:00:00
JGDMS4JI474,S5 2023 Miami,male,USA,Number140003,pro,1:58:45,0:51:15,0:06:33,1:00:57,0:03:36,0:04:22,0:00:21,0:05:53,0:07:11,0:00:57,0:07:55,0:06:55,0:01:19,0:07:28,0:07:29,0:00:51,0:08:02,0:04:53,0:01:02,0:07:54,0:05:00,0:00:20,0:10:40,0:07:48,0:01:43,0:09:29,0:07:37,0:00:00
JGDMS4JI474,S5 2023 Miami,male,USA,Number141007,pro,2:05:55,0:55:40,0:07:03,1:03:12,0:04:20,0:04:48,0:00:23,0:06:28,0:08:06,0:01:20,0:08:22,0:10:48,0:01:02,0:07:55,0:06:15,0:00:55,0:09:03,0:06:23,0:01:04,0:08:27,0:05:26,0:00:21,0:08:55,0:03:44,0:01:58,0:09:42,0:10:10,0:00:00
JGDMS4JI474,S5 2023 Miami,male,USA,Number140016,pro,2:12:59,1:02:44,0:05:31,1:04:44,0:03:56,0:04:51,0:00:18,0:06:35,0:13:28,0:00:33,0:08:53,0:10:19,0:01:03,0:09:16,0:06:23,0:00:37,0:09:20,0:06:29,0:00:45,0:07:35,0:04:46,0:00:11,0:08:59,0:05:53,0:02:04,0:10:10,0:10:35,0:00:00
JGDMS4JI474,S5 2023 Miami,male,USA,Number140017,pro,2:05:21,0:42:13,0:11:17,1:11:51,0:04:24,0:04:39,0:00:29,0:09:58,0:07:26,0:01:19,0:09:19,0:00:00,0:00:40,0:08:40,0:06:18,0:02:57,0:11:54,0:05:25,0:02:11,0:08:27,0:04:00,0:01:21,0:08:53,0:06:02,0:02:20,0:10:16,0:08:23,0:00:00
JGDMS4JI474,S5 2023 Miami,male,USA,Number142014,pro,2:22:24,1:11:39,0:05:37,1:05:08,0:04:20,0:04:28,0:00:25,0:07:19,0:10:32,0:00:41,0:07:38,0:14:07,0:01:27,0:08:39,0:05:34,0:00:35,0:08:54,0:05:07,0:00:52,0:07:35,0:06:54,0:00:10,0:08:03,0:09:15,0:01:27,0:12:40,0:15:42,0:00:00
JGDMS4JI474,S5 2023 Miami,male,USA,Number140014,pro,2:28:17,1:13:25,0:06:54,1:07:58,0:04:12,0:04:37,0:00:18,0:06:40,0:10:19,0:00:31,0:12:37,0:15:29,0:01:07,0:08:54,0:08:05,0:02:25,0:07:50,0:05:08,0:00:51,0:08:29,0:07:44,0:00:15,0:10:09,0:06:12,0:01:27,0:09:07,0:15:51,0:00:00
JGDMS4JI474,S5 2023 Miami,male,USA,Number141017,pro,2:33:30,1:07:33,0:07:36,1:18:21,0:04:26,0:04:40,0:00:26,0:10:24,0:08:46,0:01:17,0:15:59,0:12:12,0:01:51,0:08:43,0:08:54,0:01:12,0:09:08,0:05:14,0:01:09,0:11:13,0:04:58,0:00:17,0:09:14,0:08:13,0:01:24,0:09:14,0:14:36,0:00:00
JGDMS4JI474,S5 2023 Miami,male,USA,Number142010,pro,2:40:43,1:17:14,0:10:09,1:13:20,0:05:12,0:05:13,0:00:28,0:09:12,0:18:04,0:00:52,0:11:36,0:10:57,0:01:52,0:11:27,0:10:06,0:02:04,0:15:15,0:05:47,0:00:56,0:07:54,0:07:08,0:01:06,0:07:13,0:08:51,0:02:51,0:05:31,0:11:08,0:00:00
JGDMS4JI474,S5 2023 Miami,female,USA,Number102007,pro,1:36:51,0:37:09,0:06:01,0:53:41,0:04:16,0:04:39,0:00:20,0:06:06,0:02:41,0:00:21,0:06:32,0:07:24,0:02:51,0:07:11,0:03:43,0:00:38,0:07:13,0:04:54,0:00:34,0:07:06,0:03:48,0:00:09,0:07:23,0:04:39,0:01:08,0:07:54,0:05:21,0:00:00
JGDMS4JI474,S5 2023 Miami,female,PUR,Number102006,pro,1:47:25,0:46:16,0:03:40,0:57:29,0:04:26,0:04:55,0:00:21,0:06:42,0:06:42,0:00:33,0:07:15,0:07:46,0:00:40,0:07:34,0:04:40,0:00:31,0:08:03,0:05:02,0:00:41,0:07:24,0:04:20,0:00:17,0:07:45,0:06:25,0:00:37,0:08:20,0:06:26,0:00:00
JGDMS4JI474,S5 2023 Miami,female,USA,Number102005,pro,1:48:39,0:46:18,0:08:23,0:53:58,0:04:21,0:04:53,0:00:19,0:05:51,0:10:12,0:02:11,0:05:57,0:04:49,0:00:38,0:06:39,0:05:05,0:01:21,0:07:36,0:04:55,0:01:00,0:07:07,0:05:15,0:00:50,0:07:56,0:04:51,0:02:04,0:08:31,0:06:18,0:00:00
JGDMS4JI474,S5 2023 Miami,female,USA,Number102018,pro,1:54:08,0:49:03,0:05:09,0:59:56,0:04:27,0:05:03,0:00:26,0:06:31,0:04:21,0:00:44,0:07:46,0:08:50,0:01:05,0:07:32,0:06:51,0:01:00,0:08:16,0:05:16,0:00:44,0:08:03,0:03:28,0:00:33,0:08:08,0:06:11,0:00:37,0:09:13,0:09:03,0:00:00
JGDMS4JI474,S5 2023 Miami,female,USA,Number102002,pro,2:15:47,1:06:14,0:08:16,1:01:17,0:04:18,0:04:52,0:00:19,0:06:00,0:09:17,0:01:52,0:07:25,0:14:12,0:00:49,0:08:28,0:10:47,0:01:05,0:08:11,0:05:55,0:00:40,0:08:12,0:04:58,0:00:24,0:09:07,0:09:27,0:03:07,0:09:36,0:06:46,0:00:00
JGDMS4JI474,S5 2023 Miami,female,USA,Number102003,pro,2:18:03,1:00:51,0:06:12,1:11:00,0:04:38,0:04:44,0:00:20,0:07:27,0:12:02,0:00:35,0:08:25,0:11:27,0:01:11,0:08:49,0:07:11,0:00:37,0:09:43,0:05:20,0:01:14,0:09:22,0:06:21,0:00:23,0:10:50,0:05:38,0:01:52,0:11:46,0:08:08,0:00:00
JGDMS4JI474,S5 2023 Miami,female,USA,Number102004,pro,2:26:33,1:07:24,0:09:05,1:10:04,0:05:04,0:05:27,0:00:22,0:07:26,0:08:43,0:00:26,0:08:27,0:09:47,0:05:45,0:09:43,0:11:20,0:00:30,0:09:52,0:05:59,0:00:39,0:09:35,0:06:10,0:00:17,0:09:17,0:10:19,0:01:06,0:10:40,0:09:39,0:00:00
JGDMS4JI474,S5 2023 Miami,female,USA,Number102011,pro,1:31:54,0:36:15,0:02:27,0:53:12,0:04:01,0:04:32,0:00:20,0:06:01,0:02:06,0:00:17,0:06:35,0:06:13,0:00:35,0:07:07,0:04:08,0:00:16,0:07:16,0:04:55,0:00:27,0:07:13,0:04:14,0:00:07,0:07:25,0:04:56,0:00:25,0:07:34,0:05:11,0:00:00
JGDMS4JI474,S5 2023 Miami,female,USA,Number102013,pro,1:45:02,0:44:02,0:03:32,0:57:28,0:04:07,0:04:20,0:00:18,0:06:18,0:03:15,0:00:31,0:07:01,0:09:00,0:00:42,0:07:16,0:05:54,0:00:22,0:07:58,0:04:57,0:00:43,0:08:12,0:05:03,0:00:09,0:07:46,0:05:33,0:00:47,0:08:50,0:06:00,0:00:00
JGDMS4JI474,S5 2023 Miami,female,USA,Number102016,pro,1:48:58,0:45:29,0:06:55,0:56:34,0:04:39,0:05:10,0:00:18,0:06:31,0:05:07,0:00:44,0:06:44,0:08:34,0:01:01,0:07:03,0:05:19,0:01:00,0:07:38,0:05:13,0:00:59,0:07:18,0:04:47,0:00:46,0:08:22,0:04:39,0:02:07,0:08:19,0:06:40,0:00:00
JGDMS4JI474,S5 2023 Miami,female,USA,Number102009,pro,1:55:16,0:53:27,0:04:35,0:57:14,0:04:11,0:04:43,0:00:19,0:06:22,0:06:40,0:00:33,0:07:01,0:09:06,0:00:54,0:07:24,0:06:54,0:00:36,0:07:30,0:04:51,0:00:58,0:07:41,0:06:11,0:00:15,0:08:14,0:07:33,0:01:00,0:08:51,0:07:29,0:00:00
JGDMS4JI474,S5 2023 Miami,female,USA,Number102008,pro,2:16:11,0:59:39,0:03:50,1:12:42,0:04:47,0:05:13,0:00:20,0:07:22,0:07:00,0:00:36,0:08:21,0:09:56,0:00:53,0:08:24,0:09:07,0:00:31,0:09:09,0:06:22,0:00:29,0:11:38,0:06:58,0:00:13,0:10:23,0:08:04,0:00:48,0:12:38,0:06:59,0:00:00
JGDMS4JI474,S5 2023 Miami,female,USA,Number102012,pro,2:18:13,1:00:38,0:05:18,1:12:17,0:04:29,0:05:22,0:00:23,0:07:11,0:06:54,0:00:52,0:10:40,0:10:51,0:01:10,0:08:52,0:06:37,0:00:55,0:09:40,0:05:22,0:00:47,0:09:44,0:07:15,0:00:12,0:09:55,0:07:49,0:00:59,0:11:46,0:10:28,0:00:00
JGDMS4JI474,S5 2023 Miami,female,USA,Number102010,pro,2:33:39,1:16:58,0:08:37,1:08:04,0:04:24,0:05:26,0:00:20,0:07:14,0:10:42,0:00:26,0:09:06,0:20:46,0:01:15,0:09:13,0:11:39,0:01:48,0:08:53,0:06:25,0:01:32,0:09:46,0:05:37,0:01:19,0:09:18,0:05:28,0:01:57,0:10:10,0:10:55,0:00:00
JGDMS4JI474,S5 2023 Miami,male,USA,Number102010,elite,2:33:39,1:16:58,0:08:37,1:08:04,0:04:24,0:05:26,0:00:20,0:07:14,0:10:42,0:00:26,0:09:06,0:20:46,0:01:15,0:09:13,0:11:39,0:01:48,0:08:53,0:06:25,0:01:32,0:09:46,0:05:37,0:01:19,0:09:18,0:05:28,0:01:57,0:10:10,0:10:55,0:00:00
JGDMS4JI474,S5 2023 Miami,male,USA,Number102010,elite,2:33:39,1:16:58,0:08:37,1:08:04,0:04:24,0:05:26,0:00:20,0:07:14,0:10:42,0:00:26,0:09:06,0:20:46,0:01:15,0:09:13,0:11:39,0:01:48,0:08:53,0:06:25,0:01:32,0:09:46,0:05:37,0:01:19,0:09:18,0:05:28,0:01:57,0:10:10,0:10:55,0:00:00
JGDMS4JI474,S5 2023 Miami,male,USA,Number102010,elite,2:33:39,1:16:58,0:08:37,1:08:04,0:04:24,0:05:26,0:00:20,0:07:14,0:10:42,0:00:26,0:09:06,0:20:46,0:01:15,0:09:13,0:11:39,0:01:48,0:08:53,0:06:25,0:01:32,0:09:46,0:05:37,0:01:19,0:09:18,0:05:28,0:01:57,0:10:10,0:10:55,0:00:00
JGDMS4JI474,S5 2023 Miami,male,USA,Number102010,elite,2:33:39,1:16:58,0:08:37,1:08:04,0:04:24,0:05:26,0:00:20,0:07:14,0:10:42,0:00:26,0:09:06,0:20:46,0:01:15,0:09:13,0:11:39,0:01:48,0:08:53,0:06:25,0:01:32,0:09:46,0:05:37,0:01:19,0:09:18,0:05:28,0:01:57,0:10:10,0:10:55,0:00:00
JGDMS4JI474,S5 2023 Miami,male,USA,Number102010,elite,2:33:39,1:16:58,0:08:37,1:08:04,0:04:24,0:05:26,0:00:20,0:07:14,0:10:42,0:00:26,0:09:06,0:20:46,0:01:15,0:09:13,0:11:39,0:01:48,0:08:53,0:06:25,0:01:32,0:09:46,0:05:37,0:01:19,0:09:18,0:05:28,0:01:57,0:10:10,0:10:55,0:00:00
JGDMS4JI474,S5 2023 Miami,male,USA,Number102010,elite,2:33:39,1:16:58,0:08:37,1:08:04,0:04:24,0:05:26,0:00:20,0:07:14,0:10:42,0:00:26,0:09:06,0:20:46,0:01:15,0:09:13,0:11:39,0:01:48,0:08:53,0:06:25,0:01:32,0:09:46,0:05:37,0:01:19,0:09:18,0:05:28,0:01:57,0:10:10,0:10:55,0:00:00
JGDMS4JI474,S5 2023 Miami,male,USA,Number102010,elite,2:33:39,1:16:58,0:08:37,1:08:04,0:04:24,0:05:26,0:00:20,0:07:14,0:10:42,0:00:26,0:09:06,0:20:46,0:01:15,0:09:13,0:11:39,0:01:48,0:08:53,0:06:25,0:01:32,0:09:46,0:05:37,0:01:19,0:09:18,0:05:28,0:01:57,0:10:10,0:10:55,0:00:00
JGDMS4JI474,S5 2023 Miami,male,USA,Number102010,elite,2:33:39,1:16:58,0:08:37,1:08:04,0:04:24,0:05:26,0:00:20,0:07:14,0:10:42,0:00:26,0:09:06,0:20:46,0:01:15,0:09:13,0:11:39,0:01:48,0:08:53,0:06:25,0:01:32,0:09:46,0:05:37,0:01:19,0:09:18,0:05:28,0:01:57,0:10:10,0:10:55,0:00:00
JGDMS4JI474,S5 2023 Miami,male,USA,Number102010,elite,2:33:39,1:16:58,0:08:37,1:08:04,0:04:24,0:05:26,0:00:20,0:07:14,0:10:42,0:00:26,0:09:06,0:20:46,0:01:15,0:09:13,0:11:39,0:01:48,0:08:53,0:06:25,0:01:32,0:09:46,0:05:37,0:01:19,0:09:18,0:05:28,0:01:57,0:10:10,0:10:55,0:00:00
JGDMS4JI474,S5 2023 Miami,male,USA,Number102010,elite,2:33:39,1:16:58,0:08:37,1:08:04,0:04:24,0:05:26,0:00:20,0:07:14,0:10:42,0:00:26,0:09:06,0:20:46,0:01:15,0:09:13,0:11:39,0:01:48,0:08:53,0:06:25,0:01:32,0:09:46,0:05:37,0:01:19,0:09:18,0:05:28,0:01:57,0:10:10,0:10:55,0:00:00
JGDMS4JI474,S5 2023 Miami,male,USA,Number102010,elite,2:33:39,1:16:58,0:08:37,1:08:04,0:04:24,0:05:26,0:00:20,0:07:14,0:10:42,0:00:26,0:09:06,0:20:46,0:01:15,0:09:13,0:11:39,0:01:48,0:08:53,0:06:25,0:01:32,0:09:46,0:05:37,0:01:19,0:09:18,0:05:28,0:01:57,0:10:10,0:10:55,0:00:00
JGDMS4JI474,S5 2023 Miami,male,USA,Number102010,elite,2:33:39,1:16:58,0:08:37,1:08:04,0:04:24,0:05:26,0:00:20,0:07:14,0:10:42,0:00:26,0:09:06,0:20:46,0:01:15,0:09:13,0:11:39,0:01:48,0:08:53,0:06:25,0:01:32,0:09:46,0:05:37,0:01:19,0:09:18,0:05:28,0:01:57,0:10:10,0:10:55,0:00:00
JGDMS4JI474,S5 2023 Miami,female,USA,Number102010,elite,2:33:39,1:16:58,0:08:37,1:08:04,0:04:24,0:05:26,0:00:20,0:07:14,0:10:42,0:00:26,0:09:06,0:20:46,0:01:15,0:09:13,0:11:39,0:01:48,0:08:53,0:06:25,0:01:32,0:09:46,0:05:37,0:01:19,0:09:18,0:05:28,0:01:57,0:10:10,0:10:55,0:00:00
JGDMS4JI474,S5 2023 Miami,female,USA,Number102010,elite,2:33:39,1:16:58,0:08:37,1:08:04,0:04:24,0:05:26,0:00:20,0:07:14,0:10:42,0:00:26,0:09:06,0:20:46,0:01:15,0:09:13,0:11:39,0:01:48,0:08:53,0:06:25,0:01:32,0:09:46,0:05:37,0:01:19,0:09:18,0:05:28,0:01:57,0:10:10,0:10:55,0:00:00
JGDMS4JI474,S5 2023 Miami,female,USA,Number102010,elite,2:33:39,1:16:58,0:08:37,1:08:04,0:04:24,0:05:26,0:00:20,0:07:14,0:10:42,0:00:26,0:09:06,0:20:46,0:01:15,0:09:13,0:11:39,0:01:48,0:08:53,0:06:25,0:01:32,0:09:46,0:05:37,0:01:19,0:09:18,0:05:28,0:01:57,0:10:10,0:10:55,0:00:00
JGDMS4JI474,S5 2023 Miami,female,USA,Number102010,elite,2:33:39,1:16:58,0:08:37,1:08:04,0:04:24,0:05:26,0:00:20,0:07:14,0:10:42,0:00:26,0:09:06,0:20:46,0:01:15,0:09:13,0:11:39,0:01:48,0:08:53,0:06:25,0:01:32,0:09:46,0:05:37,0:01:19,0:09:18,0:05:28,0:01:57,0:10:10,0:10:55,0:00:00
JGDMS4JI474,S5 2023 Miami,female,USA,Number102010,elite,2:33:39,1:16:58,0:08:37,1:08:04,0:04:24,0:05:26,0:00:20,0:07:14,0:10:42,0:00:26,0:09:06,0:20:46,0:01:15,0:09:13,0:11:39,0:01:48,0:08:53,0:06:25,0:01:32,0:09:46,0:05:37,0:01:19,0:09:18,0:05:28,0:01:57,0:10:10,0:10:55,0:00:00
JGDMS4JI474,S5 2023 Miami,female,USA,Number102010,elite,2:33:39,1:16:58,0:08:37,1:08:04,0:04:24,0:05:26,0:00:20,0:07:14,0:10:42,0:00:26,0:09:06,0:20:46,0:01:15,0:09:13,0:11:39,0:01:48,0:08:53,0:06:25,0:01:32,0:09:46,0:05:37,0:01:19,0:09:18,0:05:28,0:01:57,0:10:10,0:10:55,0:00:00
JGDMS4JI474,S5 2023 Miami,female,USA,Number102010,elite,2:33:39,1:16:58,0:08:37,1:08:04,0:04:24,0:05:26,0:00:20,0:07:14,0:10:42,0:00:26,0:09:06,0:20:46,0:01:15,0:09:13,0:11:39,0:01:48,0:08:53,0:06:25,0:01:32,0:09:46,0:05:37,0:01:19,0:09:18,0:05:28,0:01:57,0:10:10,0:10:55,0:00:00
JGDMS4JI474,S5 2023 Miami,female,USA,Number102010,elite,2:33:39,1:16:58,0:08:37,1:08:04,0:04:24,0:05:26,0:00:20,0:07:14,0:10:42,0:00:26,0:09:06,0:20:46,0:01:15,0:09:13,0:11:39,0:01:48,0:08:53,0:06:25,0:01:32,0:09:46,0:05:37,0:01:19,0:09:18,0:05:28,0:01:57,0:10:10,0:10:55,0:00:00
JGDMS4JI474,S5 2023 Miami,female,USA,Number102010,elite,2:33:39,1:16:58,0:08:37,1:08:04,0:04:24,0:05:26,0:00:20,0:07:14,0:10:42,0:00:26,0:09:06,0:20:46,0:01:15,0:09:13,0:11:39,0:01:48,0:08:53,0:06:25,0:01:32,0:09:46,0:05:37,0:01:19,0:09:18,0:05:28,0:01:57,0:10:10,0:10:55,0:00:00
JGDMS4JI474,S5 2023 Miami,female,USA,Number102010,elite,2:33:39,1:16:58,0:08:37,1:08:04,0:04:24,0:05:26,0:00:20,0:07:14,0:10:42,0:00:26,0:09:06,0:20:46,0:01:15,0:09:13,0:11:39,0:01:48,0:08:53,0:06:25,0:01:32,0:09:46,0:05:37,0:01:19,0:09:18,0:05:28,0:01:57,0:10:10,0:10:55,0:00:00
JGDMS4JI474,S5 2023 Miami,female,USA,Number102010,elite,2:33:39,1:16:58,0:08:37,1:08:04,0:04:24,0:05:26,0:00:20,0:07:14,0:10:42,0:00:26,0:09:06,0:20:46,0:01:15,0:09:13,0:11:39,0:01:48,0:08:53,0:06:25,0:01:32,0:09:46,0:05:37,0:01:19,0:09:18,0:05:28,0:01:57,0:10:10,0:10:55,0:00:00
JGDMS4JI474,S5 2023 Miami,female,USA,Number102010,elite,2:33:39,1:16:58,0:08:37,1:08:04,0:04:24,0:05:26,0:00:20,0:07:14,0:10:42,0:00:26,0:09:06,0:20:46,0:01:15,0:09:13,0:11:39,0:01:48,0:08:53,0:06:25,0:01:32,0:09:46,0:05:37,0:01:19,0:09:18,0:05:28,0:01:57,0:10:10,0:10:55,0:00:00
JGDMS4JI474,S5 2023 Miami,male,,40-49,doubles,1:06:57,0:22:49,0:02:03,0:42:05,0:03:27,0:03:47,0:00:15,0:05:03,0:01:43,0:00:17,0:05:19,0:02:45,0:00:25,0:05:34,0:02:24,0:00:17,0:05:35,0:03:58,0:00:24,0:05:39,0:01:58,0:00:06,0:05:36,0:02:13,0:00:19,0:05:52,0:04:01,0:00:00
JGDMS4JI474,S5 2023 Miami,male,,30-39,doubles,1:13:35,0:21:47,0:02:54,0:48:54,0:03:30,0:03:39,0:00:14,0:05:48,0:01:45,0:00:19,0:06:31,0:02:34,0:00:53,0:07:37,0:02:32,0:00:38,0:06:55,0:04:03,0:00:23,0:06:06,0:01:40,0:00:07,0:06:34,0:02:26,0:00:20,0:05:53,0:03:08,0:00:00
JGDMS4JI474,S5 2023 Miami,male,,30-39,doubles,1:13:58,0:24:14,0:02:37,0:47:07,0:03:31,0:03:59,0:00:16,0:05:34,0:02:01,0:00:27,0:06:17,0:02:56,0:00:33,0:06:20,0:02:16,0:00:16,0:06:40,0:04:39,0:00:26,0:06:19,0:02:11,0:00:07,0:06:27,0:02:42,0:00:32,0:05:59,0:03:30,0:00:00
JGDMS4JI474,S5 2023 Miami,male,,40-49,doubles,1:22:31,0:25:08,0:03:52,0:53:31,0:04:18,0:03:43,0:00:19,0:06:12,0:01:53,0:00:27,0:06:45,0:03:07,0:00:45,0:06:36,0:02:49,0:00:35,0:07:15,0:04:14,0:00:45,0:06:59,0:02:24,0:00:13,0:07:22,0:03:09,0:00:48,0:08:04,0:03:49,0:00:00
JGDMS4JI474,S5 2023 Miami,male,,30-39,doubles,1:24:18,0:27:51,0:03:50,0:52:37,0:03:54,0:04:01,0:00:20,0:08:59,0:02:25,0:00:35,0:06:22,0:03:38,0:00:48,0:06:26,0:02:33,0:00:31,0:07:01,0:04:34,0:00:42,0:06:26,0:02:24,0:00:10,0:06:29,0:03:48,0:00:44,0:07:00,0:04:28,0:00:00
JGDMS4JI474,S5 2023 Miami,male,,30-39,doubles,1:25:20,0:26:22,0:03:49,0:55:09,0:03:42,0:03:44,0:00:18,0:05:59,0:02:12,0:00:27,0:07:41,0:04:05,0:00:49,0:07:42,0:02:15,0:00:26,0:08:43,0:04:44,0:01:10,0:07:40,0:02:19,0:00:13,0:06:39,0:03:06,0:00:26,0:07:03,0:03:57,0:00:00
JGDMS4JI474,S5 2023 Miami,male,,30-39,doubles,1:26:02,0:26:54,0:04:47,0:54:21,0:03:47,0:04:11,0:00:19,0:09:00,0:02:07,0:00:31,0:06:30,0:03:50,0:01:07,0:07:03,0:02:40,0:01:15,0:07:03,0:04:34,0:00:44,0:06:50,0:01:52,0:00:12,0:06:57,0:03:30,0:00:39,0:07:11,0:04:10,0:00:00
JGDMS4JI474,S5 2023 Miami,male,,40-49,doubles,1:28:17,0:30:06,0:05:17,0:52:54,0:03:50,0:04:08,0:00:18,0:05:59,0:02:13,0:00:28,0:06:43,0:04:07,0:00:50,0:06:49,0:03:04,0:01:06,0:07:08,0:05:34,0:00:35,0:07:13,0:02:13,0:00:52,0:07:31,0:03:57,0:01:08,0:07:41,0:04:50,0:00:00
JGDMS4JI474,S5 2023 Miami,male,,30-39,doubles,1:30:13,0:28:04,0:06:08,0:56:01,0:03:51,0:04:17,0:00:16,0:05:45,0:02:05,0:01:09,0:07:14,0:03:19,0:00:39,0:07:04,0:02:48,0:00:52,0:07:39,0:04:45,0:00:40,0:07:49,0:02:28,0:00:59,0:08:18,0:03:28,0:01:33,0:08:21,0:04:54,0:00:00
JGDMS4JI474,S5 2023 Miami,male,,40-49,doubles,1:32:26,0:26:29,0:03:44,1:02:13,0:06:02,0:03:52,0:00:19,0:06:11,0:01:50,0:00:37,0:07:35,0:04:06,0:00:51,0:07:04,0:02:17,0:00:31,0:07:53,0:04:43,0:00:43,0:07:38,0:02:22,0:00:11,0:09:40,0:02:52,0:00:32,0:10:10,0:04:27,0:00:00
JGDMS4JI474,S5 2023 Miami,male,,30-39,doubles,1:40:11,0:32:17,0:04:04,1:03:50,0:03:52,0:04:07,0:00:20,0:06:41,0:03:47,0:00:27,0:10:50,0:06:11,0:01:05,0:10:38,0:03:01,0:00:31,0:08:45,0:05:01,0:00:48,0:08:01,0:02:33,0:00:11,0:05:55,0:03:39,0:00:42,0:09:08,0:03:58,0:00:00
JGDMS4JI474,S5 2023 Miami,male,,30-39,doubles,1:51:12,0:30:01,0:05:05,1:16:06,0:04:28,0:04:02,0:00:24,0:09:12,0:02:32,0:00:38,0:09:58,0:04:15,0:01:07,0:10:02,0:02:45,0:00:41,0:10:43,0:05:24,0:01:14,0:10:31,0:02:58,0:00:13,0:10:26,0:04:08,0:00:48,0:10:46,0:03:57,0:00:00
JGDMS4JI474,S5 2023 Miami,male,,U29,doubles,1:57:03,0:26:09,0:06:14,1:24:40,0:03:50,0:04:01,0:00:20,0:09:28,0:02:35,0:00:51,0:08:20,0:04:08,0:01:23,0:08:57,0:02:11,0:00:45,0:11:45,0:04:35,0:02:11,0:17:10,0:02:55,0:00:13,0:13:12,0:02:28,0:00:31,0:11:58,0:03:16,0:00:00
JGDMS4JI474,S5 2023 Miami,male,,30-39,doubles,1:05:35,0:21:01,0:02:26,0:42:08,0:03:24,0:03:31,0:00:18,0:05:01,0:01:31,0:00:31,0:05:42,0:02:43,0:00:26,0:05:26,0:02:05,0:00:17,0:05:48,0:03:43,0:00:28,0:05:30,0:01:48,0:00:07,0:05:39,0:02:17,0:00:19,0:05:38,0:03:23,0:00:00
JGDMS4JI474,S5 2023 Miami,male,,30-39,doubles,1:12:00,0:27:41,0:02:58,0:41:21,0:03:06,0:03:47,0:00:17,0:05:03,0:02:15,0:00:20,0:05:23,0:03:48,0:00:33,0:05:28,0:02:53,0:00:28,0:05:39,0:04:25,0:00:37,0:05:25,0:02:19,0:00:19,0:05:29,0:03:19,0:00:24,0:05:48,0:04:55,0:00:00
JGDMS4JI474,S5 2023 Miami,male,,U29,doubles,1:13:52,0:25:15,0:03:05,0:45:32,0:03:34,0:03:47,0:00:17,0:05:15,0:02:26,0:00:24,0:05:53,0:03:37,0:00:37,0:05:57,0:02:20,0:00:23,0:06:30,0:04:17,0:00:41,0:05:57,0:01:57,0:00:19,0:06:14,0:03:09,0:00:24,0:06:12,0:03:42,0:00:00
JGDMS4JI474,S5 2023 Miami,male,,30-39,doubles,1:14:20,0:24:17,0:02:42,0:47:21,0:03:43,0:03:43,0:00:17,0:05:24,0:01:29,0:00:25,0:06:03,0:03:34,0:00:36,0:06:27,0:02:18,0:00:21,0:06:52,0:04:28,0:00:31,0:06:09,0:02:07,0:00:09,0:06:37,0:02:54,0:00:23,0:06:06,0:03:44,0:00:00
JGDMS4JI474,S5 2023 Miami,male,,30-39,doubles,1:24:14,0:26:12,0:04:10,0:53:52,0:03:44,0:03:51,0:00:17,0:06:09,0:02:30,0:00:38,0:06:47,0:03:50,0:00:58,0:07:18,0:02:18,0:00:36,0:08:04,0:04:32,0:00:53,0:07:13,0:02:29,0:00:12,0:07:07,0:03:18,0:00:36,0:07:30,0:03:24,0:00:00
JGDMS4JI474,S5 2023 Miami,male,,40-49,doubles,1:25:19,0:26:46,0:04:43,0:53:50,0:04:20,0:03:44,0:00:18,0:06:08,0:02:03,0:00:17,0:06:41,0:02:55,0:00:36,0:07:40,0:02:25,0:02:04,0:07:38,0:04:38,0:00:43,0:07:13,0:02:40,0:00:09,0:07:02,0:04:21,0:00:36,0:07:08,0:04:00,0:00:00
JGDMS4JI474,S5 2023 Miami,male,,U29,doubles,1:25:39,0:26:10,0:03:43,0:55:46,0:03:42,0:03:43,0:00:19,0:05:55,0:02:35,0:00:23,0:07:16,0:04:40,0:00:33,0:07:58,0:01:53,0:00:40,0:07:56,0:04:43,0:00:37,0:07:49,0:02:24,0:00:32,0:07:42,0:02:31,0:00:39,0:07:28,0:03:41,0:00:00
JGDMS4JI474,S5 2023 Miami,male,,30-39,doubles,1:28:49,0:27:43,0:03:58,0:57:08,0:03:50,0:04:04,0:00:18,0:05:28,0:01:57,0:00:31,0:06:58,0:03:25,0:00:51,0:07:11,0:02:59,0:00:34,0:08:02,0:04:36,0:00:45,0:08:08,0:02:31,0:00:10,0:08:06,0:03:09,0:00:49,0:09:25,0:05:02,0:00:00
JGDMS4JI474,S5 2023 Miami,male,,40-49,doubles,1:30:41,0:28:03,0:04:23,0:58:15,0:06:02,0:04:00,0:00:18,0:06:18,0:02:21,0:00:36,0:07:10,0:03:29,0:01:04,0:07:21,0:03:12,0:00:36,0:07:44,0:04:40,0:00:40,0:07:28,0:02:37,0:00:34,0:07:54,0:03:57,0:00:35,0:08:18,0:03:47,0:00:00
JGDMS4JI474,S5 2023 Miami,male,,50-59,doubles,1:33:16,0:30:20,0:04:15,0:58:41,0:03:56,0:04:15,0:00:21,0:05:37,0:02:24,0:00:28,0:06:33,0:05:15,0:01:00,0:06:49,0:03:15,0:00:25,0:08:57,0:05:04,0:01:03,0:08:53,0:02:07,0:00:12,0:08:55,0:04:05,0:00:46,0:09:01,0:03:55,0:00:00
JGDMS4JI474,S5 2023 Miami,male,,30-39,doubles,1:46:50,0:28:12,0:03:47,1:14:51,0:04:20,0:04:13,0:00:20,0:08:59,0:02:41,0:00:28,0:09:51,0:03:58,0:00:57,0:09:51,0:02:30,0:00:30,0:10:52,0:05:13,0:00:47,0:10:23,0:02:41,0:00:12,0:10:08,0:02:29,0:00:33,0:10:27,0:04:27,0:00:00
JGDMS4JI474,S5 2023 Miami,male,,30-39,doubles,1:53:06,0:32:13,0:10:01,1:10:52,0:04:32,0:04:45,0:00:19,0:06:35,0:03:31,0:00:38,0:08:45,0:04:58,0:00:55,0:10:02,0:05:03,0:00:27,0:10:15,0:00:05,0:06:18,0:08:38,0:02:38,0:00:47,0:08:50,0:04:20,0:00:37,0:13:15,0:06:53,0:00:00
JGDMS4JI474,S5 2023 Miami,male,,30-39,doubles,2:03:19,0:41:32,0:06:48,1:14:59,0:04:27,0:04:33,0:00:44,0:09:26,0:03:53,0:00:51,0:10:35,0:03:14,0:00:53,0:11:08,0:06:24,0:01:01,0:09:41,0:05:41,0:01:11,0:09:52,0:03:17,0:00:56,0:10:25,0:06:45,0:01:12,0:09:25,0:07:45,0:00:00
JGDMS4JI474,S5 2023 Miami,female,,30-39,doubles,1:17:59,0:22:45,0:02:26,0:52:48,0:03:47,0:04:04,0:00:18,0:06:42,0:01:27,0:00:19,0:07:29,0:02:49,0:00:32,0:07:39,0:02:32,0:00:22,0:06:22,0:04:14,0:00:24,0:07:29,0:02:12,0:00:11,0:06:48,0:02:51,0:00:20,0:06:32,0:02:36,0:00:00
JGDMS4JI474,S5 2023 Miami,female,,30-39,doubles,1:25:23,0:28:27,0:03:09,0:53:47,0:04:24,0:04:12,0:00:19,0:06:25,0:01:58,0:00:21,0:06:41,0:04:46,0:00:43,0:06:54,0:03:44,0:00:20,0:07:19,0:04:37,0:00:44,0:07:23,0:02:50,0:00:08,0:07:12,0:03:14,0:00:34,0:07:29,0:03:06,0:00:00
JGDMS4JI474,S5 2023 Miami,female,,30-39,doubles,1:35:09,0:29:23,0:03:50,1:01:56,0:04:21,0:04:06,0:00:18,0:06:46,0:02:12,0:00:22,0:07:27,0:03:34,0:00:55,0:08:02,0:05:09,0:00:40,0:08:56,0:04:44,0:00:52,0:08:49,0:02:29,0:00:09,0:08:50,0:04:19,0:00:34,0:08:45,0:02:50,0:00:00
JGDMS4JI474,S5 2023 Miami,female,,30-39,doubles,1:36:38,0:34:43,0:03:57,0:57:58,0:03:55,0:04:16,0:00:18,0:05:24,0:02:12,0:00:18,0:05:30,0:03:44,0:00:26,0:05:40,0:10:56,0:02:00,0:16:00,0:04:43,0:00:23,0:06:46,0:02:24,0:00:06,0:07:08,0:03:47,0:00:26,0:07:35,0:02:41,0:00:00
JGDMS4JI474,S5 2023 Miami,female,,30-39,doubles,1:41:00,0:30:19,0:05:35,1:05:06,0:04:53,0:04:44,0:00:21,0:09:45,0:02:24,0:01:28,0:07:27,0:05:06,0:00:54,0:07:42,0:03:09,0:01:08,0:08:56,0:05:18,0:00:48,0:09:00,0:03:08,0:00:15,0:08:37,0:03:12,0:00:41,0:08:46,0:03:18,0:00:00
JGDMS4JI474,S5 2023 Miami,female,,50-59,doubles,1:44:34,0:32:09,0:04:02,1:08:23,0:05:09,0:05:00,0:00:26,0:07:36,0:02:02,0:00:38,0:08:22,0:05:05,0:01:04,0:08:56,0:04:08,0:00:32,0:09:33,0:05:48,0:00:41,0:09:15,0:02:55,0:00:12,0:09:28,0:03:47,0:00:29,0:10:04,0:03:24,0:00:00
JGDMS4JI474,S5 2023 Miami,female,,30-39,doubles,1:49:16,0:35:52,0:06:36,1:06:48,0:04:57,0:05:11,0:00:20,0:07:30,0:02:59,0:00:40,0:08:22,0:05:22,0:02:43,0:08:10,0:05:03,0:00:54,0:08:36,0:05:56,0:00:46,0:08:35,0:03:34,0:00:13,0:08:33,0:03:49,0:01:00,0:12:05,0:03:58,0:00:00
JGDMS4JI474,S5 2023 Miami,female,,30-39,doubles,2:00:34,0:36:59,0:10:08,1:13:27,0:04:52,0:05:15,0:00:19,0:07:06,0:03:32,0:00:40,0:10:21,0:06:41,0:01:30,0:09:11,0:04:16,0:03:45,0:10:01,0:05:38,0:01:22,0:11:51,0:03:09,0:00:14,0:09:31,0:04:42,0:02:18,0:10:34,0:03:46,0:00:00
JGDMS4JI474,S5 2023 Miami,female,,U29,doubles,2:09:39,0:45:58,0:04:15,1:19:26,0:07:02,0:05:21,0:00:26,0:08:19,0:03:53,0:00:36,0:10:39,0:07:34,0:00:51,0:09:41,0:06:16,0:00:52,0:12:48,0:06:35,0:00:39,0:10:50,0:04:18,0:00:13,0:09:45,0:05:13,0:00:38,0:10:22,0:06:48,0:00:00
JGDMS4JI474,S5 2023 Miami,female,,30-39,doubles,1:14:56,0:22:51,0:03:04,0:49:01,0:03:42,0:04:08,0:00:23,0:05:28,0:01:25,0:00:24,0:08:52,0:03:00,0:00:46,0:05:51,0:02:33,0:00:17,0:06:10,0:04:33,0:00:28,0:05:51,0:02:23,0:00:09,0:05:57,0:02:41,0:00:37,0:07:10,0:02:08,0:00:00
JGDMS4JI474,S5 2023 Miami,female,,30-39,doubles,1:24:23,0:23:51,0:03:30,0:57:02,0:04:27,0:04:15,0:00:25,0:06:30,0:01:38,0:00:29,0:07:11,0:03:05,0:00:37,0:07:43,0:02:29,0:00:42,0:07:35,0:04:32,0:00:36,0:07:37,0:02:32,0:00:12,0:08:03,0:02:44,0:00:29,0:07:56,0:02:36,0:00:00
JGDMS4JI474,S5 2023 Miami,female,,40-49,doubles,1:30:10,0:28:46,0:03:34,0:57:50,0:04:39,0:04:31,0:00:22,0:06:47,0:01:46,0:00:28,0:07:05,0:04:01,0:00:47,0:07:26,0:04:05,0:00:38,0:07:54,0:05:00,0:00:42,0:08:06,0:02:26,0:00:09,0:07:45,0:04:05,0:00:28,0:08:08,0:02:52,0:00:00
JGDMS4JI474,S5 2023 Miami,female,,30-39,doubles,1:35:44,0:30:35,0:04:55,1:00:14,0:04:48,0:04:36,0:00:22,0:06:51,0:02:07,0:00:33,0:07:32,0:04:35,0:01:04,0:07:50,0:04:34,0:01:05,0:08:24,0:05:03,0:01:02,0:07:59,0:02:50,0:00:11,0:08:11,0:03:41,0:00:38,0:08:39,0:03:09,0:00:00
JGDMS4JI474,S5 2023 Miami,female,,30-39,doubles,1:39:30,0:29:07,0:07:48,1:02:35,0:04:29,0:04:16,0:00:24,0:07:01,0:01:46,0:00:53,0:07:20,0:04:13,0:01:12,0:07:22,0:04:06,0:01:39,0:08:41,0:05:12,0:01:17,0:08:43,0:02:47,0:01:00,0:09:07,0:03:37,0:01:23,0:09:52,0:03:10,0:00:00
JGDMS4JI474,S5 2023 Miami,female,,40-49,doubles,1:41:39,0:30:57,0:05:01,1:05:41,0:05:02,0:04:36,0:00:26,0:07:18,0:02:08,0:00:35,0:08:44,0:04:15,0:00:49,0:08:08,0:04:08,0:01:11,0:09:14,0:05:11,0:00:38,0:09:10,0:02:47,0:00:11,0:09:08,0:04:33,0:01:11,0:08:57,0:03:19,0:00:00
JGDMS4JI474,S5 2023 Miami,female,,40-49,doubles,1:48:00,0:30:43,0:04:51,1:12:26,0:05:08,0:05:11,0:00:24,0:07:39,0:02:38,0:00:34,0:09:02,0:03:48,0:00:47,0:11:01,0:04:20,0:01:34,0:09:37,0:05:23,0:00:44,0:09:29,0:02:44,0:00:10,0:09:42,0:03:53,0:00:38,0:10:48,0:02:46,0:00:00
JGDMS4JI474,S5 2023 Miami,female,,U29,doubles,1:50:48,0:34:46,0:07:49,1:08:13,0:04:47,0:05:02,0:00:20,0:07:05,0:02:26,0:00:51,0:08:15,0:05:56,0:01:46,0:08:10,0:05:13,0:02:00,0:09:24,0:05:20,0:01:39,0:11:53,0:03:08,0:00:14,0:09:09,0:04:24,0:00:59,0:09:30,0:03:17,0:00:00
JGDMS4JI474,S5 2023 Miami,female,,30-39,doubles,2:05:04,0:38:14,0:07:40,1:19:10,0:05:08,0:05:07,0:00:45,0:08:13,0:03:09,0:00:52,0:10:50,0:06:28,0:00:47,0:12:03,0:05:00,0:01:12,0:11:42,0:06:07,0:01:27,0:10:22,0:03:17,0:00:57,0:10:26,0:05:26,0:01:40,0:10:26,0:03:40,0:00:00
JGDMS4JI474,S5 2023 Miami,male,,,relay,1:31:41,0:41:28,0:05:02,0:45:11,0:04:18,0:04:51,0:00:54,0:06:43,0:03:08,0:00:40,0:05:42,0:04:59,0:00:42,0:04:46,0:05:38,0:00:37,0:05:35,0:04:28,0:00:25,0:05:55,0:02:57,0:00:36,0:04:58,0:03:59,0:01:08,0:07:14,0:11:28,0:00:00
JGDMS4JI474,S5 2023 Miami,male,,U40,relay,1:29:37,0:34:45,0:04:59,0:49:53,0:05:48,0:04:18,0:00:45,0:05:45,0:03:48,0:00:36,0:08:13,0:03:43,0:00:34,0:05:43,0:04:47,0:00:54,0:06:10,0:05:05,0:00:53,0:06:16,0:03:21,0:00:34,0:05:16,0:03:51,0:00:43,0:06:42,0:05:52,0:00:00
JGDMS4JI474,S5 2023 Miami,female,,U40,relay,1:25:03,0:28:51,0:04:50,0:51:22,0:06:03,0:05:18,0:00:44,0:09:01,0:01:52,0:00:35,0:06:18,0:04:02,0:00:44,0:05:31,0:02:59,0:00:46,0:07:09,0:04:55,0:00:50,0:05:41,0:02:49,0:00:30,0:05:14,0:02:51,0:00:41,0:06:25,0:04:05,0:00:00
JGDMS4JI474,S5 2023 Miami,female,,U40,relay,1:21:57,0:32:31,0:04:33,0:44:53,0:03:47,0:04:43,0:00:40,0:05:49,0:02:21,0:00:29,0:05:27,0:04:42,0:00:40,0:06:31,0:05:27,0:00:46,0:05:57,0:04:39,0:00:39,0:05:35,0:03:15,0:00:36,0:05:59,0:03:24,0:00:43,0:05:48,0:04:00,0:00:00
JGDMS4JI474,S5 2023 Miami,female,,U40,relay,1:27:42,0:34:18,0:04:57,0:48:27,0:03:51,0:04:59,0:00:41,0:06:18,0:02:21,0:00:33,0:05:53,0:04:39,0:00:42,0:06:41,0:05:45,0:00:50,0:05:21,0:05:04,0:00:47,0:07:34,0:04:21,0:00:32,0:05:49,0:02:46,0:00:52,0:07:00,0:04:23,0:00:00
JGDMS4JI474,S5 2023 Miami,male,USA,Number121009,goruck,1:58:30,0:43:04,0:06:31,1:08:55,0:04:45,0:04:30,0:00:30,0:07:06,0:05:09,0:00:37,0:08:50,0:05:43,0:00:55,0:08:38,0:06:55,0:01:54,0:10:04,0:04:55,0:01:17,0:09:42,0:03:55,0:00:09,0:09:12,0:05:20,0:01:09,0:10:38,0:06:37,0:00:00
JGDMS4JI474,S5 2023 Miami,male,USA,Number121002,goruck,1:52:15,0:44:42,0:04:11,1:03:22,0:04:41,0:04:37,0:00:25,0:07:13,0:03:53,0:00:33,0:07:41,0:05:29,0:00:51,0:08:13,0:05:16,0:00:29,0:10:06,0:05:10,0:00:43,0:07:47,0:04:11,0:00:14,0:10:03,0:06:44,0:00:56,0:07:38,0:09:22,0:00:00
JGDMS4JI474,S5 2023 Miami,male,USA,Number121015,goruck,2:22:03,1:11:03,0:05:06,1:05:54,0:04:45,0:04:50,0:00:20,0:06:41,0:12:47,0:00:27,0:07:09,0:08:33,0:01:14,0:07:15,0:09:13,0:00:43,0:08:43,0:05:03,0:00:51,0:08:16,0:07:10,0:00:13,0:08:49,0:09:56,0:01:18,0:14:16,0:13:31,0:00:00
JGDMS4JI474,S5 2023 Miami,female,USA,Number132002,goruck,1:50:02,0:46:47,0:03:50,0:59:25,0:04:05,0:05:30,0:00:36,0:06:58,0:03:58,0:00:38,0:07:48,0:07:05,0:00:51,0:07:38,0:08:44,0:00:23,0:08:16,0:05:49,0:00:42,0:07:35,0:04:07,0:00:10,0:08:07,0:05:23,0:00:30,0:08:58,0:06:11,0:00:00
JGDMS4JI474,S5 2023 Miami,female,USA,Number132001,goruck,2:48:52,1:00:42,0:08:28,1:39:42,0:09:31,0:06:09,0:01:13,0:13:15,0:11:22,0:01:00,0:13:59,0:10:40,0:01:51,0:12:24,0:08:26,0:01:08,0:13:39,0:06:42,0:00:55,0:12:08,0:06:12,0:00:51,0:11:57,0:05:05,0:01:30,0:12:49,0:06:06,0:00:00
JGDMS4JI474,S5 2023 Miami,female,USA,Number132003,goruck,1:38:40,0:39:25,0:02:52,0:56:23,0:05:43,0:04:41,0:00:22,0:06:10,0:02:43,0:00:22,0:06:33,0:04:38,0:00:42,0:07:04,0:08:02,0:00:24,0:07:43,0:05:42,0:00:28,0:07:30,0:04:11,0:00:07,0:07:38,0:04:27,0:00:27,0:08:02,0:05:01,0:00:00
JGDMS4JI474,S5 2023 Miami,female,USA,Number132004,goruck,2:42:59,0:57:29,0:05:28,1:40:02,0:08:29,0:05:43,0:00:40,0:11:37,0:03:46,0:01:15,0:13:57,0:10:32,0:01:10,0:13:55,0:14:53,0:00:37,0:13:25,0:06:16,0:01:02,0:12:46,0:03:43,0:00:12,0:12:17,0:07:43,0:00:32,0:13:36,0:04:53,0:00:00
JGDMS4JI474,S5 2023 Miami,male,,,goruck_doubles,1:29:41,0:26:34,0:03:47,0:59:20,0:04:36,0:04:00,0:00:19,0:06:16,0:01:44,0:00:25,0:06:34,0:03:35,0:01:06,0:07:57,0:02:53,0:00:39,0:08:48,0:04:20,0:00:40,0:08:03,0:02:26,0:00:10,0:08:26,0:03:43,0:00:28,0:08:40,0:03:53,0:00:00
JGDMS4JI474,S5 2023 Miami,male,,,goruck_doubles,1:37:57,0:30:55,0:03:23,1:03:39,0:04:46,0:03:40,0:00:21,0:07:05,0:01:27,0:00:26,0:07:44,0:08:01,0:00:51,0:08:19,0:02:52,0:00:27,0:08:56,0:04:30,0:00:40,0:08:52,0:02:46,0:00:10,0:08:53,0:03:39,0:00:28,0:09:04,0:04:00,0:00:00
JGDMS4JI474,S5 2023 Miami,male,,,goruck_doubles,1:23:18,0:27:31,0:03:24,0:52:23,0:04:26,0:04:15,0:00:22,0:06:18,0:01:38,0:00:23,0:06:21,0:03:11,0:00:37,0:06:25,0:03:20,0:00:19,0:07:12,0:04:32,0:00:40,0:05:15,0:02:39,0:00:14,0:07:49,0:03:53,0:00:49,0:08:37,0:04:03,0:00:00
JGDMS4JI474,S5 2023 Miami,male,,,goruck_doubles,1:29:42,0:25:45,0:03:22,1:00:35,0:04:39,0:03:58,0:00:22,0:06:34,0:01:42,0:00:27,0:06:30,0:03:07,0:00:50,0:07:06,0:02:46,0:00:26,0:07:35,0:03:49,0:00:36,0:08:11,0:02:32,0:00:10,0:10:05,0:03:35,0:00:31,0:09:55,0:04:16,0:00:00
JGDMS4JI474,S5 2023 Miami,male,,,goruck_doubles,1:51:15,0:36:01,0:07:38,1:07:36,0:04:37,0:04:10,0:00:23,0:06:29,0:02:41,0:01:07,0:08:16,0:05:04,0:01:35,0:08:30,0:05:08,0:00:48,0:09:39,0:05:33,0:00:57,0:09:43,0:03:02,0:01:19,0:10:13,0:04:43,0:01:29,0:10:09,0:05:40,0:00:00
JGDMS4JI474,S5 2023 Miami,male,,,goruck_doubles,1:56:01,0:37:07,0:05:28,1:13:26,0:04:41,0:02:26,0:00:23,0:07:02,0:02:51,0:00:34,0:10:22,0:09:06,0:00:58,0:09:58,0:05:01,0:01:05,0:11:00,0:04:35,0:00:58,0:09:53,0:02:47,0:00:19,0:09:52,0:04:49,0:01:11,0:10:38,0:05:32,0:00:00
JGDMS4JI474,S5 2023 Miami,female,,,goruck_doubles,1:55:57,0:29:24,0:07:12,1:19:21,0:08:14,0:05:06,0:00:42,0:08:19,0:02:03,0:01:03,0:09:56,0:03:09,0:02:42,0:08:52,0:04:01,0:00:56,0:14:17,0:04:55,0:01:02,0:09:31,0:02:44,0:00:13,0:10:09,0:04:15,0:00:34,0:10:03,0:03:11,0:00:00
